crew_id,full_name,rank,department,vessel_type,deployment_status,contract_start_date,contract_end_date,medical_expiry_date,passport_expiry_date,visa_expiry_date,training_expiry_date,years_experience,last_deployment_date
CRW-0001,John Flores,Captain,Deck,General Cargo Vessel,For Deployment,2026-03-24,2027-01-11,2027-06-08,2028-11-13,2026-08-27,2028-01-29,4,2025-03-09
CRW-0002,John Gonzales,Captain,Deck,Bulk Carrier,Available,2026-05-02,2027-01-20,2026-09-03,2028-05-17,2027-08-02,2027-01-15,19,2025-02-10
CRW-0003,Angela Villanueva,Rigger,Offshore,Bulk Carrier,Available,2026-02-25,2026-08-19,2026-11-13,2026-08-27,2026-09-01,2027-06-28,8,2026-02-05
CRW-0004,Jose Dela Cruz,Cook,Catering,Cable Layer,For Deployment,2026-03-13,2026-10-15,2026-07-04,2027-12-01,2027-03-26,2028-03-08,17,2024-08-20
CRW-0005,Mark Reyes,Messman,Catering,Container Vessel,Not Ready,2025-12-18,2026-05-07,2026-09-21,2028-10-18,2026-09-10,2027-06-28,7,2025-08-04
CRW-0006,Ana Aquino,Laundry Staff,Hotel,Offshore Support Vessel,Available,2025-12-30,2026-10-25,2027-05-09,2028-03-08,2026-08-11,2028-02-17,6,2024-08-03
CRW-0007,Paolo Dela Cruz,Oiler,Engine,General Cargo Vessel,Available,2025-12-28,2026-10-07,2027-05-12,2027-12-06,2027-01-09,2028-05-05,12,2025-06-17
CRW-0008,Kristine Bautista,Chief Mate,Deck,Bulk Carrier,For Deployment,2026-01-27,2026-10-19,2027-05-27,2027-04-02,2027-01-02,2028-04-05,2,2024-12-20
CRW-0009,Luis Mendoza,Laundry Staff,Hotel,Passenger Ship,Available,2026-01-01,2026-09-27,2026-12-30,2028-11-19,2027-07-12,2027-06-09,7,2025-10-03
CRW-0010,Jose Garcia,Oiler,Engine,Passenger Ship,Onboard,2026-02-23,2026-12-14,2026-12-27,2028-01-15,2026-08-03,2027-07-03,4,2025-04-20
CRW-0011,Grace Santos,Safety Officer,Offshore,Cable Layer,For Deployment,2025-12-30,2026-10-10,2026-11-15,2026-09-06,2027-03-26,2027-08-23,3,2025-12-05
CRW-0012,Luis Gonzales,Steward,Hotel,General Cargo Vessel,Not Ready,2025-08-29,2026-01-23,2027-04-10,2027-03-16,2026-12-19,2026-11-07,5,2025-04-28
CRW-0013,Michelle Villanueva,Oiler,Engine,Cable Layer,Onboard,2026-05-06,2026-10-01,2026-11-26,2028-10-30,2027-04-09,2027-02-04,15,2026-03-17
CRW-0014,Camille Cruz,Oiler,Engine,Bulk Carrier,Onboard,2026-03-12,2026-08-11,2027-04-27,2027-09-13,2026-11-15,2027-03-02,17,2024-11-21
CRW-0015,Ryan Castillo,Safety Officer,Offshore,Container Vessel,On Vacation,2025-11-05,2026-06-25,2027-02-13,2027-08-20,2026-09-30,2027-02-12,12,2025-09-27
CRW-0016,Grace Flores,Second Mate,Deck,Bulk Carrier,On Vacation,2026-01-23,2026-05-24,2026-06-30,2028-05-08,2026-07-29,2027-01-24,18,2026-03-07
CRW-0017,Nicole Flores,Bosun,Deck,Offshore Support Vessel,Onboard,2025-09-09,2026-03-02,2027-02-25,2026-09-27,2027-09-26,2027-02-07,8,2024-03-03
CRW-0018,Carlo Morales,Housekeeping Staff,Hotel,Container Vessel,Onboard,2025-10-11,2026-05-24,2027-01-19,2028-10-15,2026-07-24,2028-04-23,11,2024-07-15
CRW-0019,Maria Garcia,Captain,Deck,Passenger Ship,Not Ready,2026-02-06,2026-07-24,2027-02-23,2027-08-17,2026-10-20,2027-08-10,7,2025-11-09
CRW-0020,Jessa Lopez,Cook,Catering,Container Vessel,Onboard,2026-04-20,2027-01-31,2027-02-25,2028-09-17,2026-06-14,2026-09-07,3,2024-04-04
CRW-0021,Camille Ramos,Second Engineer,Engine,Passenger Ship,Pending Documents,2026-04-15,2026-09-24,2026-12-05,2026-05-17,2027-07-03,2027-03-02,12,2024-03-04
CRW-0022,Grace Fernandez,Housekeeping Staff,Hotel,Passenger Ship,Not Ready,2026-02-07,2026-08-21,2026-09-13,2026-07-13,2026-07-31,2027-04-21,4,2026-03-18
CRW-0023,Nicole Torres,Able Seaman,Deck,Passenger Ship,On Vacation,2025-08-28,2026-01-15,2026-08-28,2026-07-24,2026-08-07,2028-04-25,1,2025-09-17
CRW-0024,Rhea Rivera,Steward,Hotel,Cable Layer,Available,2026-04-04,2026-11-17,2027-04-26,2028-01-02,2027-04-18,2027-02-26,1,2025-10-18
CRW-0025,Miguel Castillo,Chief Cook,Catering,Offshore Support Vessel,Pending Documents,2025-12-05,2026-04-22,2026-05-29,2027-08-27,2026-09-09,2026-08-18,14,2024-11-11
CRW-0026,Ana Cruz,Oiler,Engine,Offshore Support Vessel,Available,2025-11-07,2026-05-18,2026-08-13,2027-08-06,2027-04-04,2028-02-20,7,2024-02-09
CRW-0027,Rafael Garcia,Offshore Technician,Offshore,General Cargo Vessel,On Vacation,2025-12-31,2026-05-29,2026-07-18,2028-06-13,2026-11-05,2027-03-09,4,2025-07-31
CRW-0028,Ryan Bautista,Crane Operator,Offshore,General Cargo Vessel,For Deployment,2025-09-07,2026-03-10,2026-06-20,2026-08-17,2027-08-06,2027-03-14,16,2026-03-31
CRW-0029,Luis Torres,Second Mate,Deck,Container Vessel,Not Ready,2025-10-09,2026-06-29,2026-05-29,2026-09-06,2026-08-15,2028-05-11,14,2025-12-14
CRW-0030,Grace Mendoza,Offshore Technician,Offshore,Offshore Support Vessel,On Vacation,2026-03-11,2026-07-19,2026-10-29,2027-05-23,2026-07-09,2027-06-05,13,2025-10-12
CRW-0031,Grace Morales,Wiper,Engine,Bulk Carrier,For Deployment,2026-02-25,2026-08-24,2026-08-16,2028-08-11,2026-11-27,2027-07-31,19,2026-04-20
CRW-0032,John Bautista,Wiper,Engine,Offshore Support Vessel,Pending Documents,2026-03-21,2026-10-24,2026-06-13,2028-10-10,2027-09-23,2027-01-17,5,2025-10-23
CRW-0033,John Santos,Housekeeping Staff,Hotel,Offshore Support Vessel,Available,2025-10-23,2026-05-15,2026-10-14,2028-10-16,2026-08-09,2027-03-16,6,2025-05-21
CRW-0034,Maria Santos,Safety Officer,Offshore,General Cargo Vessel,On Vacation,2026-01-02,2026-06-16,2027-03-18,2027-02-10,2026-07-08,2026-09-23,3,2024-09-12
CRW-0035,Angela Rivera,Housekeeping Staff,Hotel,General Cargo Vessel,For Deployment,2026-03-17,2026-10-21,2027-03-16,2026-11-25,2027-02-14,2026-07-19,16,2024-05-20
CRW-0036,Ryan Aquino,Steward,Hotel,Cable Layer,On Vacation,2026-04-10,2027-01-25,2026-11-10,2028-02-12,2027-04-16,2028-04-13,13,2023-12-29
CRW-0037,Rafael Morales,Ordinary Seaman,Deck,Offshore Support Vessel,On Vacation,2025-10-21,2026-08-15,2026-10-23,2027-12-03,2026-10-07,2026-12-17,10,2025-03-11
CRW-0038,Michelle Perez,Laundry Staff,Hotel,General Cargo Vessel,Available,2025-10-20,2026-07-07,2026-05-25,2027-03-22,2027-03-19,2027-01-05,9,2025-03-01
CRW-0039,Jessa Ramos,Rigger,Offshore,Passenger Ship,Pending Documents,2025-09-15,2026-02-25,2027-04-27,2026-08-09,2027-03-16,2027-11-13,16,2024-07-05
CRW-0040,Rafael Flores,Rigger,Offshore,Bulk Carrier,Available,2026-03-01,2026-07-05,2026-06-17,2027-01-20,2027-09-28,2028-02-19,6,2023-12-27
CRW-0041,Rhea Ramos,Third Mate,Deck,Passenger Ship,Not Ready,2025-09-04,2026-04-14,2026-09-26,2026-10-13,2026-06-04,2026-09-21,12,2024-03-09
CRW-0042,Nicole Dela Cruz,Steward,Hotel,Container Vessel,Not Ready,2026-01-08,2026-06-08,2027-01-13,2026-09-28,2027-09-17,2028-04-17,1,2024-11-18
CRW-0043,Nicole Morales,Rigger,Offshore,Passenger Ship,On Vacation,2025-09-29,2026-03-08,2027-06-09,2028-10-13,2027-09-28,2027-09-07,17,2025-08-23
CRW-0044,Nicole Fernandez,Electrician,Engine,General Cargo Vessel,For Deployment,2026-01-13,2026-07-22,2027-01-05,2026-08-02,2027-03-18,2027-01-30,20,2025-08-10
CRW-0045,Miguel Mendoza,Cook,Catering,Cable Layer,Onboard,2025-10-31,2026-08-24,2026-08-11,2028-05-07,2027-01-04,2026-08-08,7,2025-03-17
CRW-0046,Angela Reyes,Housekeeping Staff,Hotel,Cable Layer,Pending Documents,2025-10-12,2026-05-19,2027-03-20,2028-04-26,2026-06-19,2028-01-14,6,2025-04-21
CRW-0047,Kristine Morales,Steward,Hotel,Offshore Support Vessel,For Deployment,2026-01-23,2026-09-24,2026-09-14,2027-02-18,2027-08-19,2027-10-14,17,2026-04-16
CRW-0048,Kristine Torres,Housekeeping Staff,Hotel,General Cargo Vessel,Not Ready,2026-03-11,2026-12-15,2027-02-22,2026-06-11,2027-07-07,2028-01-31,14,2024-10-15
CRW-0049,Miguel Dela Cruz,Captain,Deck,General Cargo Vessel,Pending Documents,2026-04-20,2026-10-23,2026-12-05,2027-04-15,2027-01-01,2027-09-12,5,2025-06-15
CRW-0050,Luis Cruz,Cook,Catering,Offshore Support Vessel,Pending Documents,2026-05-06,2027-01-19,2026-06-20,2027-05-08,2027-01-14,2028-03-30,15,2026-03-06
CRW-0051,Ryan Santos,Bosun,Deck,Bulk Carrier,Available,2026-02-26,2026-08-26,2026-07-28,2027-09-11,2026-09-24,2028-01-02,19,2025-10-04
CRW-0052,Paolo Rivera,Laundry Staff,Hotel,Offshore Support Vessel,For Deployment,2026-03-18,2026-08-26,2026-10-31,2026-09-02,2026-06-25,2027-04-19,19,2024-10-03
CRW-0053,Mark Perez,Housekeeping Staff,Hotel,General Cargo Vessel,Available,2026-01-11,2026-06-06,2027-05-16,2028-07-14,2027-04-03,2028-05-04,20,2024-09-08
CRW-0054,Ana Lopez,Bosun,Deck,Cable Layer,Onboard,2025-11-07,2026-03-24,2027-02-08,2028-03-08,2027-05-14,2026-06-16,13,2023-12-28
CRW-0055,Ana Dela Cruz,Housekeeping Staff,Hotel,Bulk Carrier,Pending Documents,2025-10-05,2026-03-19,2027-06-04,2027-10-31,2027-03-02,2028-02-24,4,2024-02-08
CRW-0056,Rhea Bautista,Safety Officer,Offshore,Passenger Ship,Pending Documents,2026-01-10,2026-06-01,2026-10-14,2028-11-02,2027-09-03,2027-02-08,10,2024-04-07
CRW-0057,Kristine Villanueva,Laundry Staff,Hotel,Cable Layer,Not Ready,2025-09-04,2026-03-26,2026-08-26,2027-09-26,2027-01-02,2027-06-02,0,2024-02-19
CRW-0058,Luis Lopez,Cook,Catering,Offshore Support Vessel,On Vacation,2025-08-24,2026-02-08,2026-07-07,2027-01-17,2027-07-20,2027-10-17,0,2024-10-24
CRW-0059,Camille Dela Cruz,Wiper,Engine,Passenger Ship,Not Ready,2026-03-29,2026-10-10,2026-09-15,2027-07-03,2027-02-03,2027-04-13,0,2024-07-05
CRW-0060,Nicole Aquino,Rigger,Offshore,Passenger Ship,On Vacation,2025-11-27,2026-06-25,2027-05-19,2027-08-22,2027-03-03,2027-04-13,13,2025-08-31
CRW-0061,Maria Garcia,Chief Engineer,Engine,General Cargo Vessel,Available,2026-02-10,2026-07-29,2026-09-12,2028-06-09,2027-10-07,2027-03-14,17,2024-05-04
CRW-0062,Rafael Flores,Rigger,Offshore,Bulk Carrier,Available,2026-02-13,2026-08-29,2026-06-01,2028-05-09,2026-10-06,2027-03-11,11,2026-03-30
CRW-0063,Miguel Fernandez,Able Seaman,Deck,Offshore Support Vessel,Not Ready,2026-05-09,2027-01-30,2026-10-17,2027-09-07,2027-10-02,2027-08-29,3,2025-06-01
CRW-0064,Carlo Cruz,Chief Engineer,Engine,Offshore Support Vessel,Pending Documents,2025-09-06,2026-01-22,2027-03-16,2028-02-18,2026-07-23,2026-11-06,12,2025-12-14
CRW-0065,Carlo Lopez,Rigger,Offshore,Bulk Carrier,Available,2026-01-20,2026-09-30,2026-12-05,2027-08-19,2027-08-26,2027-04-04,13,2024-09-20
CRW-0066,Jose Rivera,Housekeeping Staff,Hotel,Cable Layer,On Vacation,2026-01-29,2026-11-05,2026-09-10,2027-02-09,2026-08-21,2026-11-11,3,2025-09-12
CRW-0067,Juan Morales,Oiler,Engine,Bulk Carrier,Available,2025-09-17,2026-03-30,2026-06-10,2027-01-07,2027-03-21,2028-05-27,14,2025-07-30
CRW-0068,Luis Perez,Steward,Hotel,General Cargo Vessel,Available,2025-10-10,2026-03-08,2027-02-27,2026-12-31,2026-10-29,2027-03-03,6,2024-01-20
CRW-0069,Rafael Rivera,Chief Engineer,Engine,Bulk Carrier,Available,2025-12-19,2026-08-08,2026-07-27,2027-09-06,2027-04-06,2028-05-20,18,2025-03-29
CRW-0070,Jessa Cruz,Messman,Catering,Cable Layer,Pending Documents,2026-04-25,2026-12-11,2027-06-05,2027-04-10,2027-02-10,2026-06-30,19,2026-02-11
CRW-0071,Juan Bautista,Wiper,Engine,Cable Layer,On Vacation,2026-04-25,2026-10-06,2027-01-20,2027-10-28,2027-08-25,2027-03-15,18,2025-11-11
CRW-0072,Mark Fernandez,Safety Officer,Offshore,General Cargo Vessel,Pending Documents,2025-10-18,2026-05-11,2026-11-05,2028-03-31,2026-09-14,2026-11-15,11,2025-06-12
CRW-0073,Kristine Lopez,Laundry Staff,Hotel,Passenger Ship,For Deployment,2025-09-25,2026-02-14,2026-11-02,2027-01-28,2027-04-26,2026-09-30,1,2024-03-15
CRW-0074,Grace Dela Cruz,Laundry Staff,Hotel,Bulk Carrier,Not Ready,2026-04-18,2026-10-03,2027-02-14,2027-05-20,2027-10-22,2028-03-05,13,2025-02-17
CRW-0075,Miguel Castillo,Chief Mate,Deck,Offshore Support Vessel,On Vacation,2025-09-09,2026-02-07,2026-06-08,2028-02-19,2027-01-30,2028-05-30,14,2025-12-04
CRW-0076,Angela Cruz,Messman,Catering,Bulk Carrier,On Vacation,2026-03-18,2026-11-11,2026-07-24,2028-03-08,2026-11-03,2027-10-27,7,2024-05-12
CRW-0077,Angela Fernandez,Messman,Catering,General Cargo Vessel,For Deployment,2026-01-11,2026-09-04,2027-03-03,2026-10-10,2027-06-26,2026-12-16,15,2024-09-09
CRW-0078,Angela Villanueva,Crane Operator,Offshore,Bulk Carrier,For Deployment,2025-12-30,2026-04-29,2026-10-16,2028-05-27,2027-03-31,2028-01-26,16,2024-09-29
CRW-0079,Camille Aquino,Steward,Hotel,Passenger Ship,On Vacation,2025-11-03,2026-06-27,2026-11-05,2028-10-21,2026-12-09,2028-05-18,10,2025-09-13
CRW-0080,Jose Villanueva,Safety Officer,Offshore,Container Vessel,Pending Documents,2025-11-01,2026-06-07,2027-04-29,2028-08-03,2026-11-01,2027-10-24,15,2026-04-08
CRW-0081,Carlo Dela Cruz,Oiler,Engine,Cable Layer,For Deployment,2025-08-19,2026-04-12,2026-06-01,2028-05-23,2026-10-24,2027-07-28,3,2024-07-14
CRW-0082,Maria Rivera,Chief Engineer,Engine,Passenger Ship,For Deployment,2026-04-04,2026-10-25,2027-05-05,2028-10-10,2027-06-23,2027-04-24,12,2024-08-12
CRW-0083,Mark Flores,Laundry Staff,Hotel,Bulk Carrier,On Vacation,2025-12-19,2026-06-15,2027-06-11,2026-08-15,2027-08-17,2026-09-12,20,2024-03-28
CRW-0084,Rafael Santos,Third Mate,Deck,Container Vessel,Not Ready,2025-11-30,2026-04-13,2026-10-22,2027-05-17,2027-06-17,2027-08-19,1,2025-12-17
CRW-0085,Paolo Torres,Oiler,Engine,Passenger Ship,On Vacation,2026-04-05,2027-01-06,2026-12-06,2028-02-08,2027-01-31,2027-10-26,5,2024-09-25
CRW-0086,Luis Dela Cruz,Second Engineer,Engine,Passenger Ship,Not Ready,2026-05-11,2027-01-05,2026-10-19,2028-04-07,2026-11-07,2026-08-18,8,2025-02-17
CRW-0087,Angela Bautista,Messman,Catering,Offshore Support Vessel,Not Ready,2025-12-12,2026-05-31,2026-12-07,2028-10-04,2027-10-06,2026-09-21,14,2025-09-15
CRW-0088,Rafael Castillo,Laundry Staff,Hotel,Offshore Support Vessel,On Vacation,2025-10-25,2026-05-03,2026-05-29,2027-12-15,2026-07-19,2028-02-14,0,2024-04-12
CRW-0089,Ana Flores,Housekeeping Staff,Hotel,Container Vessel,On Vacation,2026-02-07,2026-11-12,2026-09-30,2028-04-08,2026-10-17,2028-03-08,20,2026-02-05
CRW-0090,Rhea Aquino,Second Mate,Deck,Passenger Ship,Onboard,2026-03-30,2026-10-11,2026-11-08,2028-06-18,2027-07-29,2026-11-30,4,2025-10-22
CRW-0091,Nicole Gonzales,Electrician,Engine,Cable Layer,For Deployment,2026-02-20,2026-08-24,2027-01-26,2028-08-17,2027-03-28,2027-05-16,8,2024-02-12
CRW-0092,John Navarro,Third Mate,Deck,Bulk Carrier,Available,2025-11-09,2026-04-01,2026-12-13,2026-05-29,2027-02-24,2027-12-05,17,2026-01-09
CRW-0093,Luis Perez,Housekeeping Staff,Hotel,General Cargo Vessel,Not Ready,2025-11-06,2026-04-02,2027-05-05,2027-01-09,2027-09-24,2026-06-29,12,2024-08-19
CRW-0094,Mark Dela Cruz,Rigger,Offshore,Cable Layer,Available,2025-10-18,2026-03-16,2026-08-04,2026-06-30,2026-07-07,2027-04-11,9,2024-12-27
CRW-0095,Miguel Navarro,Captain,Deck,Container Vessel,On Vacation,2025-11-07,2026-08-25,2027-06-09,2028-04-27,2027-08-02,2028-01-26,14,2024-04-15
CRW-0096,Camille Rivera,Fourth Engineer,Engine,General Cargo Vessel,Onboard,2025-12-23,2026-04-30,2027-05-13,2027-05-29,2027-01-07,2027-09-01,13,2025-02-14
CRW-0097,Ana Lopez,Electrician,Engine,Offshore Support Vessel,Onboard,2025-11-13,2026-03-28,2026-12-14,2027-02-21,2026-12-10,2026-10-07,20,2023-12-29
CRW-0098,Michelle Santos,Steward,Hotel,General Cargo Vessel,Available,2025-11-26,2026-05-27,2026-07-28,2028-07-28,2026-12-26,2026-08-13,1,2024-01-17
CRW-0099,John Villanueva,Crane Operator,Offshore,Cable Layer,Available,2026-05-14,2026-11-20,2026-08-07,2026-09-25,2027-02-10,2026-11-29,4,2026-01-23
CRW-0100,John Perez,Chief Mate,Deck,Bulk Carrier,For Deployment,2026-05-07,2026-10-18,2026-10-07,2026-07-07,2026-10-06,2027-08-09,10,2024-11-23
CRW-0101,Jessa Aquino,Ordinary Seaman,Deck,Bulk Carrier,Pending Documents,2026-03-21,2026-11-11,2027-02-06,2026-12-27,2026-07-13,2028-04-08,16,2024-11-28
CRW-0102,Jose Fernandez,Cook,Catering,General Cargo Vessel,Onboard,2025-10-09,2026-07-31,2026-07-19,2027-09-29,2027-08-27,2026-08-18,12,2026-02-22
CRW-0103,Miguel Bautista,Messman,Catering,Container Vessel,Onboard,2025-11-30,2026-07-05,2027-03-26,2027-11-09,2027-03-27,2027-09-11,19,2024-12-14
CRW-0104,Carlo Lopez,Safety Officer,Offshore,Bulk Carrier,Not Ready,2025-10-07,2026-05-30,2026-09-18,2027-07-12,2027-05-12,2027-09-11,6,2025-04-02
CRW-0105,Angela Villanueva,Laundry Staff,Hotel,Bulk Carrier,For Deployment,2025-11-05,2026-04-13,2027-05-11,2027-09-12,2026-08-06,2026-09-05,8,2024-01-15
CRW-0106,Ana Mendoza,Captain,Deck,Passenger Ship,Onboard,2026-04-15,2027-01-10,2027-03-08,2027-12-11,2027-05-02,2028-04-20,17,2026-01-10
CRW-0107,Jose Castillo,Housekeeping Staff,Hotel,General Cargo Vessel,Pending Documents,2025-12-07,2026-07-05,2026-07-17,2027-12-27,2027-01-02,2026-11-09,19,2024-07-12
CRW-0108,Grace Aquino,Steward,Hotel,Bulk Carrier,For Deployment,2025-12-24,2026-09-16,2026-09-17,2028-08-18,2027-08-12,2027-12-30,3,2024-03-21
CRW-0109,Luis Santos,Offshore Technician,Offshore,Cable Layer,Not Ready,2025-12-27,2026-10-22,2026-10-30,2027-04-27,2027-05-24,2026-06-10,5,2025-11-11
CRW-0110,Mark Mendoza,Oiler,Engine,General Cargo Vessel,Pending Documents,2026-04-30,2026-09-20,2027-06-11,2027-11-09,2027-01-05,2027-06-24,20,2025-03-12
CRW-0111,Rafael Villanueva,Housekeeping Staff,Hotel,Container Vessel,For Deployment,2026-04-02,2026-08-13,2026-08-12,2026-10-23,2026-07-19,2028-04-24,18,2026-02-21
CRW-0112,Camille Rivera,Cook,Catering,General Cargo Vessel,Pending Documents,2025-10-15,2026-04-22,2026-09-12,2028-06-26,2026-09-23,2027-05-23,14,2025-03-01
CRW-0113,Rhea Fernandez,Second Mate,Deck,General Cargo Vessel,Not Ready,2025-12-09,2026-04-19,2026-09-14,2027-06-23,2026-07-25,2026-06-11,16,2025-10-18
CRW-0114,Rafael Villanueva,Chief Cook,Catering,Container Vessel,For Deployment,2026-05-12,2027-01-14,2027-06-11,2027-07-29,2026-11-25,2026-10-14,3,2025-04-21
CRW-0115,Ana Cruz,Crane Operator,Offshore,Cable Layer,On Vacation,2026-04-24,2026-12-11,2026-06-03,2027-08-28,2026-08-17,2027-04-20,12,2024-10-03
CRW-0116,Angela Castillo,Laundry Staff,Hotel,Passenger Ship,Not Ready,2025-10-20,2026-02-22,2026-11-07,2026-11-06,2027-09-13,2028-05-10,3,2025-05-10
CRW-0117,Angela Perez,Third Mate,Deck,Bulk Carrier,Available,2025-08-20,2026-01-07,2026-12-13,2028-10-22,2027-04-12,2027-05-17,12,2025-10-01
CRW-0118,Carlo Gonzales,Chief Cook,Catering,Bulk Carrier,On Vacation,2026-02-05,2026-09-02,2026-11-20,2028-05-28,2026-10-28,2027-01-31,16,2026-01-30
CRW-0119,Michelle Mendoza,Third Engineer,Engine,Container Vessel,Available,2026-04-07,2026-09-19,2027-04-11,2027-10-02,2027-09-17,2028-01-02,20,2024-03-28
CRW-0120,Michelle Villanueva,Safety Officer,Offshore,General Cargo Vessel,On Vacation,2025-12-05,2026-05-12,2027-01-05,2026-07-23,2027-09-22,2027-08-30,20,2024-08-07
CRW-0121,Ana Gonzales,Cook,Catering,Cable Layer,Onboard,2025-12-08,2026-08-03,2027-01-11,2026-06-22,2026-07-27,2027-06-16,2,2024-01-15
CRW-0122,Michelle Rivera,Chief Cook,Catering,General Cargo Vessel,Onboard,2025-10-31,2026-06-26,2027-03-18,2027-12-03,2026-07-11,2027-09-07,16,2024-02-06
CRW-0123,Camille Gonzales,Crane Operator,Offshore,Offshore Support Vessel,On Vacation,2026-04-14,2026-12-05,2026-07-16,2028-08-22,2027-05-16,2028-06-04,4,2026-02-18
CRW-0124,Jessa Dela Cruz,Crane Operator,Offshore,Bulk Carrier,Available,2025-08-21,2026-05-24,2026-08-14,2027-05-22,2027-06-15,2027-03-20,16,2025-04-14
CRW-0125,Jose Villanueva,Housekeeping Staff,Hotel,General Cargo Vessel,On Vacation,2025-11-28,2026-04-21,2027-03-06,2028-04-08,2027-06-29,2027-03-21,2,2025-08-30
CRW-0126,Rhea Mendoza,Crane Operator,Offshore,Offshore Support Vessel,Onboard,2025-12-08,2026-09-21,2027-05-17,2028-03-23,2027-07-05,2026-10-14,11,2024-09-13
CRW-0127,Maria Mendoza,Second Mate,Deck,Cable Layer,Pending Documents,2026-03-29,2027-01-08,2027-05-03,2027-07-22,2027-06-04,2026-06-22,16,2025-05-09
CRW-0128,Camille Ramos,Chief Cook,Catering,Container Vessel,For Deployment,2026-03-06,2026-08-12,2026-07-03,2027-03-13,2026-09-10,2027-11-05,7,2024-03-17
CRW-0129,Michelle Mendoza,Offshore Technician,Offshore,General Cargo Vessel,For Deployment,2025-11-04,2026-04-12,2026-08-16,2026-11-16,2026-11-15,2028-06-11,19,2025-02-21
CRW-0130,John Dela Cruz,Third Mate,Deck,Offshore Support Vessel,Not Ready,2025-12-21,2026-08-12,2026-09-21,2027-11-12,2027-01-29,2027-04-16,19,2024-02-07
CRW-0131,Rhea Dela Cruz,Steward,Hotel,Offshore Support Vessel,Not Ready,2025-12-22,2026-07-27,2027-02-06,2027-11-06,2027-08-01,2026-11-16,14,2024-01-30
CRW-0132,Luis Reyes,Electrician,Engine,Cable Layer,Available,2025-09-11,2026-04-14,2027-03-04,2026-08-28,2026-10-04,2027-03-22,20,2026-02-19
CRW-0133,Miguel Morales,Third Engineer,Engine,Passenger Ship,On Vacation,2026-01-22,2026-09-14,2026-11-19,2026-06-11,2027-07-28,2026-07-28,2,2025-04-05
CRW-0134,Mark Aquino,Rigger,Offshore,Container Vessel,Pending Documents,2026-05-01,2026-11-18,2026-07-14,2028-09-20,2027-05-08,2026-10-31,7,2025-12-26
CRW-0135,Miguel Fernandez,Second Mate,Deck,Passenger Ship,Not Ready,2026-05-13,2026-09-30,2026-06-03,2027-02-01,2027-01-05,2026-11-04,14,2024-10-31
CRW-0136,John Castillo,Safety Officer,Offshore,Bulk Carrier,For Deployment,2026-04-21,2026-10-19,2026-12-25,2028-02-28,2027-09-10,2026-08-07,3,2026-01-22
CRW-0137,Nicole Perez,Laundry Staff,Hotel,Cable Layer,Onboard,2026-03-03,2026-09-13,2026-12-30,2026-05-16,2027-05-26,2027-02-05,7,2024-10-08
CRW-0138,Mark Gonzales,Steward,Hotel,General Cargo Vessel,Not Ready,2026-04-11,2026-12-21,2027-02-27,2027-10-16,2026-06-19,2027-07-08,11,2025-01-19
CRW-0139,Luis Santos,Ordinary Seaman,Deck,Passenger Ship,For Deployment,2026-04-11,2026-11-05,2026-09-25,2028-06-03,2026-09-13,2028-01-20,11,2024-04-23
CRW-0140,Grace Villanueva,Chief Cook,Catering,Bulk Carrier,For Deployment,2026-02-15,2026-12-07,2027-01-17,2028-04-26,2027-10-02,2028-03-11,20,2025-11-10
CRW-0141,Jose Castillo,Chief Engineer,Engine,General Cargo Vessel,Pending Documents,2026-04-23,2026-10-11,2026-06-15,2027-04-03,2027-04-12,2027-11-13,6,2025-04-03
CRW-0142,Ryan Castillo,Safety Officer,Offshore,Offshore Support Vessel,Onboard,2026-04-21,2027-02-02,2026-11-10,2027-02-18,2026-10-04,2027-06-15,11,2025-02-22
CRW-0143,Maria Torres,Laundry Staff,Hotel,Passenger Ship,Pending Documents,2025-09-03,2026-04-05,2027-02-14,2027-02-12,2026-08-22,2027-08-12,15,2026-02-24
CRW-0144,Rafael Villanueva,Laundry Staff,Hotel,Container Vessel,On Vacation,2026-04-05,2026-10-25,2027-04-28,2027-03-13,2027-04-08,2027-09-03,3,2024-09-05
CRW-0145,Ana Dela Cruz,Steward,Hotel,General Cargo Vessel,Pending Documents,2025-11-16,2026-08-20,2027-01-02,2027-02-20,2026-07-27,2026-08-19,1,2024-06-27
CRW-0146,Paolo Santos,Housekeeping Staff,Hotel,Cable Layer,Not Ready,2025-10-03,2026-02-08,2026-07-28,2026-07-22,2027-01-26,2028-03-25,4,2025-05-05
CRW-0147,Michelle Mendoza,Cook,Catering,Cable Layer,Onboard,2025-11-07,2026-06-10,2027-01-07,2028-07-04,2026-08-16,2028-01-12,14,2025-12-26
CRW-0148,Luis Flores,Rigger,Offshore,Passenger Ship,For Deployment,2026-05-02,2026-10-16,2027-02-04,2027-10-27,2027-06-30,2027-12-31,3,2026-01-15
CRW-0149,Ryan Rivera,Cook,Catering,General Cargo Vessel,Pending Documents,2025-09-06,2026-02-24,2026-07-26,2026-09-30,2026-08-13,2027-09-09,9,2025-11-20
CRW-0150,Ana Cruz,Steward,Hotel,General Cargo Vessel,For Deployment,2025-12-18,2026-07-02,2026-08-13,2028-05-12,2026-11-24,2027-06-09,17,2024-12-11
CRW-0151,John Fernandez,Chief Engineer,Engine,Container Vessel,Available,2025-11-12,2026-07-31,2027-03-14,2027-05-27,2027-09-20,2027-12-20,0,2026-01-03
CRW-0152,Kristine Fernandez,Offshore Technician,Offshore,Bulk Carrier,For Deployment,2025-10-17,2026-05-29,2027-03-15,2026-07-29,2026-10-05,2027-04-24,16,2024-07-27
CRW-0153,Nicole Aquino,Third Mate,Deck,Passenger Ship,Not Ready,2026-02-11,2026-07-14,2027-01-01,2027-10-11,2026-07-25,2026-10-09,4,2024-12-01
CRW-0154,Maria Flores,Third Engineer,Engine,Container Vessel,Available,2025-08-23,2026-03-03,2026-07-04,2027-01-26,2026-12-17,2028-03-15,11,2024-10-28
CRW-0155,Michelle Lopez,Chief Cook,Catering,General Cargo Vessel,For Deployment,2025-08-31,2026-06-11,2026-08-19,2028-01-11,2026-11-03,2026-11-26,2,2024-07-10
CRW-0156,Juan Cruz,Rigger,Offshore,Cable Layer,Onboard,2025-12-31,2026-10-13,2026-09-09,2028-07-08,2027-07-30,2028-02-26,1,2024-07-30
CRW-0157,Rafael Castillo,Third Mate,Deck,General Cargo Vessel,On Vacation,2026-01-10,2026-11-01,2026-12-18,2027-03-15,2027-09-06,2026-08-17,15,2024-06-09
CRW-0158,Camille Dela Cruz,Chief Mate,Deck,Passenger Ship,Pending Documents,2025-11-22,2026-08-24,2026-08-06,2027-03-31,2027-04-21,2027-05-23,6,2025-04-02
CRW-0159,Grace Garcia,Electrician,Engine,Offshore Support Vessel,On Vacation,2026-01-12,2026-09-08,2026-07-26,2027-02-12,2027-09-02,2027-02-12,10,2025-12-22
CRW-0160,Michelle Morales,Captain,Deck,Offshore Support Vessel,Pending Documents,2026-02-23,2026-09-14,2027-03-16,2028-05-22,2027-04-15,2026-12-15,7,2024-03-25
CRW-0161,Camille Castillo,Fourth Engineer,Engine,Cable Layer,Pending Documents,2026-05-04,2026-09-24,2026-12-12,2027-10-14,2027-09-10,2027-02-05,15,2025-10-07
CRW-0162,Rafael Fernandez,Rigger,Offshore,Bulk Carrier,Onboard,2025-09-17,2026-03-29,2027-02-23,2026-05-23,2026-09-17,2027-08-19,19,2025-12-29
CRW-0163,Ana Reyes,Messman,Catering,Offshore Support Vessel,Pending Documents,2026-04-19,2027-01-09,2027-03-08,2026-11-30,2027-06-05,2027-12-22,12,2025-07-24
CRW-0164,Grace Bautista,Third Mate,Deck,Cable Layer,Pending Documents,2026-03-16,2026-08-15,2026-07-13,2027-06-22,2027-06-16,2027-05-17,19,2024-10-21
CRW-0165,Nicole Navarro,Chief Cook,Catering,Container Vessel,On Vacation,2026-04-25,2026-09-03,2026-06-13,2026-10-02,2027-05-06,2027-10-02,16,2024-11-30
CRW-0166,Miguel Villanueva,Steward,Hotel,Cable Layer,On Vacation,2025-12-03,2026-05-13,2026-12-12,2028-02-05,2027-04-01,2028-02-01,19,2025-06-05
CRW-0167,Rafael Fernandez,Safety Officer,Offshore,General Cargo Vessel,On Vacation,2025-11-08,2026-05-31,2027-05-04,2026-09-04,2027-07-30,2028-01-22,0,2025-07-04
CRW-0168,Rhea Perez,Able Seaman,Deck,Passenger Ship,For Deployment,2026-04-19,2027-01-13,2027-01-25,2026-11-05,2027-06-23,2026-11-02,7,2024-01-25
CRW-0169,Carlo Ramos,Chief Engineer,Engine,Cable Layer,Not Ready,2025-10-02,2026-04-20,2026-12-25,2026-10-17,2027-07-26,2028-05-11,0,2025-10-19
CRW-0170,Jose Mendoza,Laundry Staff,Hotel,Cable Layer,Pending Documents,2026-01-29,2026-10-19,2026-11-07,2028-03-23,2027-10-01,2027-11-24,16,2025-04-25
CRW-0171,Maria Lopez,Chief Cook,Catering,Passenger Ship,On Vacation,2025-12-31,2026-10-03,2027-01-27,2026-11-27,2027-02-06,2027-03-16,11,2024-10-21
CRW-0172,Ryan Fernandez,Chief Cook,Catering,Offshore Support Vessel,For Deployment,2025-09-12,2026-04-09,2027-03-07,2028-08-06,2027-03-06,2027-03-25,10,2026-01-11
CRW-0173,Miguel Castillo,Safety Officer,Offshore,Passenger Ship,For Deployment,2025-12-19,2026-05-08,2026-11-18,2027-08-10,2027-02-16,2027-10-07,1,2025-10-08
CRW-0174,Grace Bautista,Electrician,Engine,Cable Layer,For Deployment,2026-03-21,2026-12-23,2027-06-08,2028-01-05,2027-01-30,2027-02-07,4,2026-03-25
CRW-0175,Jose Garcia,Crane Operator,Offshore,General Cargo Vessel,Available,2025-11-27,2026-07-25,2026-07-15,2028-04-11,2026-10-17,2026-06-09,13,2024-10-29
CRW-0176,Camille Ramos,Fourth Engineer,Engine,General Cargo Vessel,Pending Documents,2025-12-02,2026-06-13,2027-04-20,2026-07-14,2026-08-29,2028-04-01,9,2024-10-05
CRW-0177,Jose Torres,Oiler,Engine,General Cargo Vessel,Not Ready,2026-02-14,2026-06-23,2026-12-14,2028-07-29,2027-10-19,2026-12-11,13,2024-04-09
CRW-0178,Rhea Rivera,Chief Cook,Catering,Bulk Carrier,For Deployment,2025-11-25,2026-06-05,2027-01-12,2028-03-01,2027-10-17,2026-10-19,3,2024-12-15
CRW-0179,Maria Torres,Housekeeping Staff,Hotel,Container Vessel,Onboard,2026-01-04,2026-06-20,2026-06-01,2028-06-07,2027-05-10,2027-04-02,14,2024-10-11
CRW-0180,Kristine Morales,Second Engineer,Engine,Cable Layer,Not Ready,2025-11-29,2026-04-20,2026-12-16,2028-03-30,2026-09-04,2026-12-10,16,2025-12-23
CRW-0181,Luis Navarro,Housekeeping Staff,Hotel,Container Vessel,Onboard,2025-09-29,2026-04-05,2026-11-09,2027-03-20,2026-06-10,2027-02-26,7,2024-07-15
CRW-0182,Carlo Dela Cruz,Messman,Catering,Container Vessel,Onboard,2026-02-23,2026-10-04,2027-05-11,2027-10-11,2027-04-13,2028-05-10,9,2026-01-15
CRW-0183,John Mendoza,Cook,Catering,Cable Layer,Available,2026-02-26,2026-10-20,2027-06-11,2028-01-25,2027-06-16,2027-08-03,15,2024-05-27
CRW-0184,Ryan Flores,Safety Officer,Offshore,Cable Layer,Not Ready,2026-04-04,2026-12-14,2027-01-08,2027-11-06,2027-06-04,2026-08-22,19,2024-10-15
CRW-0185,Ryan Perez,Captain,Deck,Cable Layer,On Vacation,2026-02-28,2026-08-09,2026-11-08,2028-10-05,2027-08-25,2026-10-01,17,2024-06-18
CRW-0186,Mark Gonzales,Wiper,Engine,Cable Layer,Pending Documents,2026-04-17,2026-12-09,2026-07-31,2027-10-22,2027-07-29,2027-09-14,14,2024-10-15
CRW-0187,Rafael Santos,Able Seaman,Deck,Passenger Ship,Not Ready,2026-01-05,2026-05-05,2027-06-10,2026-12-24,2026-08-12,2026-07-20,12,2025-03-08
CRW-0188,Jose Cruz,Messman,Catering,Bulk Carrier,On Vacation,2026-04-29,2026-11-08,2026-12-20,2026-11-15,2026-10-15,2028-03-21,15,2024-04-29
CRW-0189,Kristine Navarro,Housekeeping Staff,Hotel,Passenger Ship,Pending Documents,2026-03-08,2026-12-20,2026-11-19,2026-09-13,2026-11-28,2027-12-06,2,2025-04-08
CRW-0190,Juan Santos,Crane Operator,Offshore,General Cargo Vessel,Available,2025-09-20,2026-07-09,2027-05-28,2027-11-23,2027-08-07,2027-11-30,9,2025-04-22
CRW-0191,Miguel Bautista,Second Engineer,Engine,Passenger Ship,For Deployment,2026-03-19,2026-07-25,2027-04-28,2027-07-18,2026-06-15,2027-02-05,6,2025-10-16
CRW-0192,Jessa Rivera,Captain,Deck,Cable Layer,Onboard,2026-01-10,2026-05-21,2026-12-16,2027-08-07,2027-01-24,2027-12-08,1,2025-10-05
CRW-0193,John Perez,Chief Mate,Deck,Cable Layer,For Deployment,2025-12-02,2026-05-31,2026-10-26,2028-10-28,2026-10-23,2028-04-10,10,2024-11-28
CRW-0194,Jose Lopez,Fourth Engineer,Engine,Offshore Support Vessel,For Deployment,2026-02-15,2026-11-22,2027-05-07,2027-07-26,2027-10-19,2026-07-22,18,2025-05-28
CRW-0195,Angela Morales,Laundry Staff,Hotel,Offshore Support Vessel,Not Ready,2025-12-13,2026-07-17,2026-08-27,2028-06-25,2027-09-26,2027-02-05,4,2023-12-28
CRW-0196,Jessa Reyes,Third Engineer,Engine,General Cargo Vessel,Available,2025-10-16,2026-05-30,2027-03-06,2027-11-08,2026-10-14,2027-07-06,17,2025-09-09
CRW-0197,Mark Dela Cruz,Chief Cook,Catering,Offshore Support Vessel,Not Ready,2026-03-29,2026-12-11,2027-05-30,2028-09-10,2026-12-11,2026-07-26,11,2025-08-14
CRW-0198,Jose Cruz,Laundry Staff,Hotel,Cable Layer,On Vacation,2026-01-24,2026-09-23,2026-09-08,2028-10-21,2027-05-05,2027-04-10,6,2026-04-30
CRW-0199,Camille Flores,Second Engineer,Engine,General Cargo Vessel,Onboard,2026-01-31,2026-09-09,2026-09-24,2027-12-01,2027-04-24,2027-03-20,19,2025-04-21
CRW-0200,Rafael Bautista,Laundry Staff,Hotel,General Cargo Vessel,For Deployment,2025-08-26,2026-04-30,2027-01-18,2026-08-23,2027-09-22,2027-04-27,11,2025-10-19
CRW-0201,Rhea Flores,Cook,Catering,Passenger Ship,Onboard,2026-05-07,2026-11-09,2027-03-04,2028-01-03,2027-07-31,2027-04-02,4,2025-12-10
CRW-0202,Rhea Flores,Third Engineer,Engine,Container Vessel,Pending Documents,2025-11-24,2026-05-28,2027-01-30,2028-05-24,2027-10-14,2027-09-18,15,2025-11-24
CRW-0203,Grace Fernandez,Chief Cook,Catering,Container Vessel,Not Ready,2026-04-15,2026-12-25,2026-06-11,2028-09-20,2026-08-14,2028-04-18,5,2026-03-27
CRW-0204,John Cruz,Third Mate,Deck,Container Vessel,Not Ready,2026-05-11,2026-11-02,2027-02-07,2027-08-24,2027-06-16,2026-08-04,4,2024-08-21
CRW-0205,Juan Santos,Safety Officer,Offshore,General Cargo Vessel,Pending Documents,2025-10-17,2026-02-17,2026-06-02,2027-11-08,2027-03-07,2027-12-04,17,2025-07-26
CRW-0206,Angela Torres,Able Seaman,Deck,General Cargo Vessel,Not Ready,2026-03-27,2026-12-06,2026-08-09,2027-01-16,2026-12-12,2028-02-28,3,2024-11-22
CRW-0207,Mark Aquino,Cook,Catering,Offshore Support Vessel,Pending Documents,2025-09-22,2026-06-13,2026-09-26,2028-04-27,2027-01-16,2027-04-07,12,2024-06-14
CRW-0208,Mark Navarro,Ordinary Seaman,Deck,General Cargo Vessel,Onboard,2025-11-03,2026-07-22,2027-01-23,2026-07-11,2026-06-08,2028-05-23,12,2025-11-21
CRW-0209,Maria Perez,Third Mate,Deck,Passenger Ship,Not Ready,2025-08-18,2025-12-26,2026-09-19,2026-12-17,2027-09-28,2027-03-08,3,2026-03-29
CRW-0210,Rhea Reyes,Ordinary Seaman,Deck,Offshore Support Vessel,On Vacation,2025-12-05,2026-04-08,2026-09-08,2028-01-06,2026-10-24,2028-06-02,5,2024-01-26
CRW-0211,Rhea Flores,Steward,Hotel,Offshore Support Vessel,Available,2025-10-28,2026-08-17,2027-02-25,2027-04-19,2027-06-27,2026-10-25,18,2024-02-26
CRW-0212,Jose Garcia,Able Seaman,Deck,General Cargo Vessel,For Deployment,2026-01-17,2026-06-05,2026-11-15,2028-01-24,2027-07-10,2027-05-04,13,2026-04-15
CRW-0213,Ana Lopez,Cook,Catering,Passenger Ship,Available,2025-10-06,2026-03-22,2027-05-08,2028-01-04,2027-06-23,2026-08-30,12,2024-03-16
CRW-0214,Mark Cruz,Rigger,Offshore,Container Vessel,Not Ready,2026-02-26,2026-10-01,2027-05-24,2028-07-25,2026-11-03,2027-07-07,8,2025-06-25
CRW-0215,Rafael Dela Cruz,Chief Cook,Catering,Bulk Carrier,Onboard,2025-12-28,2026-05-23,2026-07-31,2026-08-12,2026-12-07,2027-08-19,11,2025-02-10
CRW-0216,Mark Aquino,Safety Officer,Offshore,Bulk Carrier,Onboard,2026-03-29,2026-12-26,2027-03-27,2028-07-26,2027-04-27,2027-07-03,17,2026-05-03
CRW-0217,Grace Flores,Cook,Catering,Passenger Ship,Onboard,2025-08-22,2026-02-01,2027-05-10,2027-06-08,2026-11-19,2026-10-24,18,2025-08-13
CRW-0218,Mark Torres,Cook,Catering,Passenger Ship,Available,2025-12-25,2026-08-09,2026-10-25,2027-09-22,2026-08-16,2027-06-08,13,2025-08-31
CRW-0219,Michelle Rivera,Wiper,Engine,General Cargo Vessel,Pending Documents,2025-09-23,2026-02-17,2026-08-02,2027-03-22,2026-06-05,2027-07-14,6,2025-06-09
CRW-0220,Maria Morales,Safety Officer,Offshore,Offshore Support Vessel,Pending Documents,2026-03-07,2026-09-19,2026-11-05,2028-01-22,2026-12-21,2027-10-07,20,2025-06-28
CRW-0221,Camille Perez,Fourth Engineer,Engine,Offshore Support Vessel,For Deployment,2025-11-30,2026-07-04,2026-10-15,2028-08-28,2027-07-06,2027-06-12,7,2026-01-19
CRW-0222,Paolo Lopez,Crane Operator,Offshore,Cable Layer,On Vacation,2025-09-21,2026-03-13,2027-01-04,2028-08-08,2027-03-24,2028-05-13,0,2026-03-06
CRW-0223,Rafael Flores,Laundry Staff,Hotel,Passenger Ship,Available,2026-02-26,2026-10-12,2026-12-04,2026-07-29,2027-09-01,2028-02-06,8,2025-01-10
CRW-0224,Angela Lopez,Safety Officer,Offshore,Cable Layer,On Vacation,2025-11-12,2026-09-07,2027-02-23,2028-01-13,2026-08-25,2026-09-23,1,2024-03-19
CRW-0225,Paolo Rivera,Wiper,Engine,General Cargo Vessel,For Deployment,2025-10-23,2026-05-15,2026-12-31,2026-08-31,2026-06-09,2026-09-12,1,2025-08-24
CRW-0226,Grace Perez,Oiler,Engine,General Cargo Vessel,On Vacation,2026-01-22,2026-09-13,2026-12-02,2027-06-19,2027-09-16,2028-04-29,18,2024-09-20
CRW-0227,Camille Garcia,Crane Operator,Offshore,Offshore Support Vessel,Onboard,2025-10-15,2026-03-05,2026-07-23,2028-09-12,2026-10-22,2027-05-26,9,2025-06-30
CRW-0228,Camille Aquino,Cook,Catering,Container Vessel,On Vacation,2026-03-27,2026-11-14,2027-05-29,2028-04-27,2027-09-05,2027-04-26,15,2026-03-08
CRW-0229,Juan Villanueva,Chief Cook,Catering,General Cargo Vessel,Onboard,2026-03-21,2027-01-08,2026-08-17,2028-06-11,2027-02-03,2027-11-14,20,2025-11-18
CRW-0230,Angela Dela Cruz,Crane Operator,Offshore,Offshore Support Vessel,On Vacation,2025-10-20,2026-07-28,2026-08-27,2026-11-21,2027-08-15,2027-07-14,7,2026-04-16
CRW-0231,Angela Navarro,Crane Operator,Offshore,Passenger Ship,On Vacation,2026-01-26,2026-07-17,2026-10-14,2028-06-23,2026-08-02,2028-01-16,0,2026-01-31
CRW-0232,Ryan Dela Cruz,Crane Operator,Offshore,Offshore Support Vessel,For Deployment,2026-01-01,2026-10-19,2027-01-30,2027-11-06,2027-04-15,2028-02-05,3,2025-04-13
CRW-0233,Ana Aquino,Safety Officer,Offshore,Cable Layer,Onboard,2026-02-16,2026-12-05,2027-05-21,2028-08-11,2027-03-30,2028-02-23,14,2024-09-18
CRW-0234,Carlo Flores,Ordinary Seaman,Deck,Container Vessel,For Deployment,2026-03-17,2026-08-30,2026-12-02,2028-04-24,2026-10-21,2027-11-09,9,2025-04-13
CRW-0235,Kristine Morales,Laundry Staff,Hotel,Container Vessel,On Vacation,2025-09-08,2026-06-17,2027-02-24,2028-04-24,2026-11-23,2027-12-24,5,2025-11-26
CRW-0236,Maria Dela Cruz,Housekeeping Staff,Hotel,Container Vessel,Available,2026-04-18,2026-11-15,2026-05-29,2027-09-23,2026-10-16,2026-12-20,19,2024-02-01
CRW-0237,Camille Morales,Laundry Staff,Hotel,Cable Layer,Not Ready,2025-10-15,2026-06-05,2027-01-30,2026-11-02,2026-08-22,2028-01-03,15,2026-04-14
CRW-0238,John Lopez,Third Engineer,Engine,Bulk Carrier,For Deployment,2026-02-18,2026-10-13,2027-03-10,2028-06-13,2027-10-19,2027-12-18,9,2024-12-08
CRW-0239,Grace Aquino,Able Seaman,Deck,Bulk Carrier,For Deployment,2026-04-24,2026-12-12,2027-02-28,2026-12-24,2027-08-08,2026-09-16,17,2024-04-22
CRW-0240,Luis Aquino,Third Engineer,Engine,Bulk Carrier,Pending Documents,2025-10-03,2026-03-02,2026-09-23,2026-12-15,2027-05-24,2028-05-31,2,2024-08-29
CRW-0241,Ryan Ramos,Steward,Hotel,Cable Layer,Available,2025-11-17,2026-07-31,2026-10-15,2028-01-16,2026-11-18,2027-05-01,1,2024-05-25
CRW-0242,Nicole Garcia,Cook,Catering,Cable Layer,For Deployment,2025-10-17,2026-03-01,2026-10-13,2028-10-18,2026-10-06,2028-05-22,4,2025-12-31
CRW-0243,John Navarro,Second Engineer,Engine,General Cargo Vessel,For Deployment,2026-03-04,2026-11-26,2027-04-13,2027-02-14,2027-07-28,2027-06-23,15,2025-02-07
CRW-0244,Nicole Bautista,Ordinary Seaman,Deck,Bulk Carrier,Pending Documents,2025-09-25,2026-05-27,2026-11-08,2027-12-31,2026-06-01,2026-09-07,11,2024-04-27
CRW-0245,Ana Cruz,Laundry Staff,Hotel,General Cargo Vessel,Not Ready,2025-10-24,2026-04-17,2026-12-30,2028-09-05,2027-01-01,2027-10-23,17,2025-08-14
CRW-0246,Rhea Mendoza,Cook,Catering,Offshore Support Vessel,On Vacation,2025-09-09,2026-04-04,2027-05-09,2028-07-03,2026-07-18,2026-07-21,18,2026-02-03
CRW-0247,Jessa Dela Cruz,Steward,Hotel,Bulk Carrier,Available,2025-10-08,2026-03-28,2027-05-12,2026-09-27,2027-04-04,2026-11-13,0,2025-08-08
CRW-0248,Mark Aquino,Ordinary Seaman,Deck,Offshore Support Vessel,For Deployment,2026-02-20,2026-07-03,2026-12-13,2028-02-14,2027-04-07,2028-05-20,20,2024-04-02
CRW-0249,Carlo Santos,Fourth Engineer,Engine,General Cargo Vessel,Onboard,2025-09-13,2026-01-30,2026-07-31,2028-01-12,2027-01-16,2027-11-17,6,2024-06-18
CRW-0250,Maria Garcia,Steward,Hotel,Bulk Carrier,Not Ready,2026-03-09,2026-11-06,2026-06-30,2027-01-04,2027-06-26,2026-09-03,13,2024-04-27
CRW-0251,Rafael Mendoza,Captain,Deck,Offshore Support Vessel,For Deployment,2026-03-08,2026-12-17,2027-05-06,2026-10-08,2026-08-08,2027-11-29,12,2024-10-16
CRW-0252,Jessa Aquino,Able Seaman,Deck,General Cargo Vessel,Available,2026-02-27,2026-10-10,2027-04-05,2028-04-17,2027-08-26,2027-01-12,6,2026-02-16
CRW-0253,Kristine Aquino,Chief Mate,Deck,Bulk Carrier,On Vacation,2025-12-05,2026-05-09,2026-09-28,2027-02-22,2026-08-24,2027-02-13,13,2024-10-26
CRW-0254,Rafael Ramos,Rigger,Offshore,General Cargo Vessel,Onboard,2025-08-28,2026-02-12,2027-06-11,2027-06-20,2027-03-28,2028-03-26,16,2026-03-21
CRW-0255,John Fernandez,Fourth Engineer,Engine,Passenger Ship,Onboard,2026-04-09,2026-12-20,2026-05-31,2027-05-19,2027-04-19,2026-10-17,20,2025-04-14
CRW-0256,Paolo Fernandez,Safety Officer,Offshore,Offshore Support Vessel,On Vacation,2026-05-07,2027-02-01,2026-06-28,2026-05-29,2027-02-22,2027-01-10,2,2026-04-05
CRW-0257,Rafael Gonzales,Bosun,Deck,Passenger Ship,On Vacation,2025-10-11,2026-08-06,2026-12-16,2026-08-07,2026-11-02,2027-03-15,13,2026-02-19
CRW-0258,Miguel Lopez,Chief Cook,Catering,Cable Layer,Available,2025-10-27,2026-07-24,2027-04-14,2028-07-04,2026-08-05,2027-04-17,10,2024-05-30
CRW-0259,John Cruz,Laundry Staff,Hotel,Container Vessel,Onboard,2026-03-17,2026-11-08,2027-04-03,2028-01-28,2026-07-25,2027-04-16,13,2024-07-02
CRW-0260,Miguel Santos,Chief Engineer,Engine,Bulk Carrier,Not Ready,2025-09-03,2026-03-30,2027-02-16,2027-10-26,2027-02-19,2026-11-21,5,2025-04-30
CRW-0261,Carlo Santos,Wiper,Engine,Offshore Support Vessel,Not Ready,2025-10-08,2026-04-15,2027-02-17,2026-07-19,2027-02-23,2028-06-02,10,2024-10-02
CRW-0262,Ana Reyes,Third Mate,Deck,Passenger Ship,On Vacation,2026-02-19,2026-09-21,2026-08-13,2027-01-31,2026-09-12,2028-01-12,15,2024-06-24
CRW-0263,Juan Reyes,Chief Mate,Deck,General Cargo Vessel,On Vacation,2026-01-10,2026-05-21,2027-01-21,2027-05-22,2027-06-26,2026-11-04,0,2025-11-13
CRW-0264,Angela Flores,Able Seaman,Deck,General Cargo Vessel,Not Ready,2026-01-08,2026-08-22,2027-05-28,2027-04-07,2027-03-03,2026-08-22,10,2024-10-07
CRW-0265,Jose Torres,Chief Cook,Catering,Cable Layer,Not Ready,2025-08-24,2026-01-02,2026-12-16,2026-07-24,2027-09-18,2027-03-20,7,2024-03-14
CRW-0266,Jessa Santos,Cook,Catering,Bulk Carrier,On Vacation,2026-02-02,2026-08-15,2027-03-09,2028-07-26,2027-04-06,2028-03-02,11,2025-09-09
CRW-0267,Ryan Lopez,Housekeeping Staff,Hotel,Cable Layer,Pending Documents,2026-02-27,2026-06-28,2026-12-20,2026-06-08,2027-01-23,2027-12-10,7,2025-05-26
CRW-0268,Kristine Castillo,Second Mate,Deck,Bulk Carrier,Not Ready,2026-01-30,2026-10-12,2026-09-23,2027-07-18,2027-10-15,2026-08-04,3,2025-12-21
CRW-0269,Nicole Morales,Chief Cook,Catering,Bulk Carrier,Available,2025-09-23,2026-02-11,2027-03-18,2026-08-20,2026-10-13,2028-03-17,11,2024-01-27
CRW-0270,Jose Morales,Steward,Hotel,Cable Layer,On Vacation,2026-01-14,2026-07-27,2026-10-05,2028-10-02,2027-04-17,2027-07-11,4,2024-05-28
CRW-0271,John Cruz,Cook,Catering,Passenger Ship,For Deployment,2026-03-07,2026-12-01,2026-07-19,2026-10-21,2026-09-15,2026-11-19,6,2025-02-09
CRW-0272,Grace Aquino,Housekeeping Staff,Hotel,Passenger Ship,Onboard,2025-09-26,2026-04-12,2027-01-17,2027-02-10,2026-09-29,2026-09-04,6,2025-12-05
CRW-0273,Jose Ramos,Messman,Catering,General Cargo Vessel,On Vacation,2026-03-01,2026-07-22,2027-05-24,2027-01-24,2027-05-29,2027-07-14,10,2024-12-06
CRW-0274,Paolo Santos,Ordinary Seaman,Deck,Offshore Support Vessel,For Deployment,2025-09-26,2026-06-15,2027-06-12,2027-11-29,2027-02-09,2026-09-08,12,2025-01-27
CRW-0275,Juan Reyes,Bosun,Deck,Container Vessel,Onboard,2026-03-10,2026-08-27,2026-12-16,2027-05-31,2026-08-24,2028-01-21,7,2024-09-22
CRW-0276,Ryan Dela Cruz,Chief Cook,Catering,Bulk Carrier,Onboard,2026-03-29,2026-10-19,2026-07-26,2026-06-27,2027-09-14,2026-07-25,4,2025-11-24
CRW-0277,Camille Santos,Safety Officer,Offshore,General Cargo Vessel,Pending Documents,2025-10-09,2026-03-22,2026-11-22,2026-12-20,2026-12-07,2027-03-12,12,2025-08-02
CRW-0278,Michelle Rivera,Steward,Hotel,Bulk Carrier,On Vacation,2025-12-15,2026-08-19,2026-12-21,2028-11-03,2027-10-02,2026-08-05,7,2026-02-15
CRW-0279,Ryan Gonzales,Cook,Catering,Container Vessel,Pending Documents,2026-05-06,2026-12-09,2027-05-25,2027-05-17,2027-10-03,2027-12-13,7,2024-03-06
CRW-0280,Maria Navarro,Housekeeping Staff,Hotel,Cable Layer,On Vacation,2026-02-12,2026-06-18,2026-11-04,2028-01-16,2027-01-09,2026-07-04,8,2024-02-05
CRW-0281,Ana Perez,Chief Cook,Catering,Passenger Ship,On Vacation,2026-02-23,2026-07-18,2026-09-28,2028-03-17,2027-01-31,2027-03-03,7,2024-11-15
CRW-0282,Kristine Aquino,Bosun,Deck,Container Vessel,On Vacation,2026-02-14,2026-08-13,2027-03-24,2027-04-05,2027-06-01,2028-01-30,5,2026-04-17
CRW-0283,Rhea Ramos,Messman,Catering,Cable Layer,Available,2025-12-08,2026-05-21,2027-01-31,2026-06-22,2026-08-30,2026-07-31,15,2025-09-19
CRW-0284,Camille Santos,Crane Operator,Offshore,Bulk Carrier,On Vacation,2026-02-01,2026-07-04,2026-11-15,2028-05-18,2026-11-27,2027-05-01,10,2026-03-16
CRW-0285,Miguel Garcia,Chief Mate,Deck,Cable Layer,Not Ready,2025-11-10,2026-03-28,2026-12-02,2028-05-05,2027-07-09,2028-01-25,16,2026-02-01
CRW-0286,Paolo Morales,Cook,Catering,Offshore Support Vessel,Available,2025-09-08,2026-06-21,2026-11-03,2026-11-09,2027-05-30,2027-01-18,20,2024-07-03
CRW-0287,Rafael Mendoza,Crane Operator,Offshore,Passenger Ship,For Deployment,2026-05-15,2027-03-10,2027-03-14,2027-06-19,2026-07-02,2026-12-07,5,2024-09-06
CRW-0288,Rhea Garcia,Messman,Catering,Container Vessel,Not Ready,2026-03-04,2026-09-24,2027-06-10,2026-08-02,2027-01-28,2027-05-25,15,2025-06-22
CRW-0289,Maria Dela Cruz,Wiper,Engine,Bulk Carrier,Not Ready,2025-12-31,2026-06-22,2026-09-29,2028-04-23,2026-08-07,2027-05-28,0,2025-08-26
CRW-0290,Kristine Dela Cruz,Ordinary Seaman,Deck,Bulk Carrier,Onboard,2026-02-19,2026-10-02,2027-02-01,2028-11-02,2027-06-21,2027-05-29,13,2024-11-02
CRW-0291,John Torres,Steward,Hotel,Passenger Ship,On Vacation,2026-04-08,2026-08-14,2026-10-22,2026-06-04,2027-04-21,2027-02-26,14,2026-01-28
CRW-0292,Paolo Cruz,Second Mate,Deck,Container Vessel,Pending Documents,2026-03-29,2026-10-21,2027-03-25,2028-02-02,2027-10-06,2028-05-25,17,2026-04-14
CRW-0293,Angela Torres,Laundry Staff,Hotel,Container Vessel,On Vacation,2026-03-25,2026-10-15,2026-09-07,2026-11-25,2027-07-23,2028-05-17,1,2024-10-25
CRW-0294,Rafael Flores,Rigger,Offshore,General Cargo Vessel,For Deployment,2026-04-20,2026-11-26,2027-03-13,2027-11-28,2027-10-14,2026-11-08,3,2026-03-21
CRW-0295,Rafael Rivera,Chief Cook,Catering,Passenger Ship,Onboard,2026-02-02,2026-06-26,2026-06-07,2026-12-12,2026-11-20,2028-03-18,15,2025-07-21
CRW-0296,Kristine Fernandez,Third Mate,Deck,Bulk Carrier,For Deployment,2025-12-31,2026-05-23,2027-04-18,2027-11-23,2027-06-30,2026-12-10,15,2025-05-01
CRW-0297,Jose Bautista,Housekeeping Staff,Hotel,Container Vessel,Pending Documents,2025-09-19,2026-03-25,2026-09-17,2028-09-18,2027-03-01,2028-01-02,14,2026-03-13
CRW-0298,Carlo Cruz,Electrician,Engine,General Cargo Vessel,Not Ready,2025-10-16,2026-07-13,2026-09-18,2027-12-02,2026-07-31,2027-07-05,11,2024-01-28
CRW-0299,Camille Perez,Safety Officer,Offshore,Cable Layer,Not Ready,2025-09-14,2026-03-29,2026-07-04,2027-06-23,2026-07-04,2027-10-31,7,2024-10-08
CRW-0300,Paolo Torres,Crane Operator,Offshore,Bulk Carrier,Pending Documents,2026-02-06,2026-07-08,2026-06-15,2027-07-22,2026-08-18,2028-05-03,6,2025-02-24
CRW-0301,Michelle Bautista,Electrician,Engine,General Cargo Vessel,Available,2026-04-11,2026-08-31,2026-12-09,2027-12-05,2027-07-10,2027-12-21,10,2025-06-16
CRW-0302,Michelle Perez,Messman,Catering,Passenger Ship,Onboard,2025-10-13,2026-03-10,2026-12-23,2026-10-15,2026-10-28,2028-01-05,16,2024-09-20
CRW-0303,Carlo Castillo,Offshore Technician,Offshore,Bulk Carrier,On Vacation,2025-11-20,2026-07-03,2026-10-07,2027-06-11,2027-10-09,2028-01-10,17,2024-08-30
CRW-0304,Kristine Mendoza,Steward,Hotel,Container Vessel,For Deployment,2025-10-22,2026-02-28,2026-12-13,2028-11-10,2027-05-04,2028-05-11,19,2025-09-14
CRW-0305,Ana Santos,Ordinary Seaman,Deck,Passenger Ship,For Deployment,2025-12-11,2026-06-28,2026-10-15,2028-09-24,2027-10-15,2028-05-16,10,2024-06-13
CRW-0306,Rafael Dela Cruz,Bosun,Deck,Container Vessel,Available,2025-12-29,2026-08-12,2027-03-30,2028-03-06,2026-08-29,2026-12-13,10,2025-02-17
CRW-0307,Camille Gonzales,Electrician,Engine,Passenger Ship,Not Ready,2026-04-17,2026-12-24,2026-08-14,2026-07-21,2027-04-13,2028-05-30,11,2024-12-13
CRW-0308,Juan Torres,Steward,Hotel,Cable Layer,On Vacation,2026-02-02,2026-06-16,2026-09-29,2026-06-17,2027-09-09,2026-07-25,6,2025-05-11
CRW-0309,Nicole Navarro,Third Engineer,Engine,Offshore Support Vessel,Pending Documents,2026-03-13,2027-01-01,2026-06-09,2027-01-17,2027-06-15,2027-10-17,20,2024-09-14
CRW-0310,Grace Aquino,Steward,Hotel,Passenger Ship,On Vacation,2026-02-21,2026-08-26,2027-06-12,2028-09-11,2026-08-30,2027-03-22,11,2026-04-17
CRW-0311,Ryan Flores,Steward,Hotel,Container Vessel,On Vacation,2026-01-20,2026-11-09,2026-09-07,2027-02-14,2027-07-23,2027-11-11,20,2026-04-25
CRW-0312,Paolo Rivera,Third Mate,Deck,Container Vessel,Not Ready,2026-01-21,2026-07-24,2027-04-01,2028-08-16,2027-04-07,2028-06-02,0,2024-05-19
CRW-0313,Jessa Bautista,Cook,Catering,Passenger Ship,For Deployment,2025-09-19,2026-04-04,2027-05-06,2027-10-30,2027-07-10,2028-01-23,6,2026-01-31
CRW-0314,Grace Rivera,Able Seaman,Deck,General Cargo Vessel,For Deployment,2025-12-22,2026-07-06,2027-05-10,2026-09-02,2027-10-05,2026-08-08,19,2025-06-05
CRW-0315,Luis Castillo,Messman,Catering,Offshore Support Vessel,For Deployment,2026-02-28,2026-11-07,2026-09-25,2028-11-21,2026-07-27,2028-02-08,6,2025-03-28
CRW-0316,Juan Fernandez,Messman,Catering,Container Vessel,Not Ready,2026-01-03,2026-08-18,2026-12-18,2027-06-16,2026-07-05,2028-01-22,9,2024-05-20
CRW-0317,John Lopez,Crane Operator,Offshore,Offshore Support Vessel,Not Ready,2025-09-14,2026-07-02,2026-11-24,2027-10-16,2027-04-02,2026-11-25,20,2024-01-06
CRW-0318,Camille Mendoza,Crane Operator,Offshore,Offshore Support Vessel,Onboard,2026-02-11,2026-12-02,2026-11-12,2028-03-15,2026-08-29,2027-01-17,8,2025-05-17
CRW-0319,Maria Aquino,Wiper,Engine,Offshore Support Vessel,Pending Documents,2025-12-16,2026-08-11,2026-07-24,2027-09-08,2026-07-23,2028-03-14,8,2024-09-25
CRW-0320,Nicole Garcia,Offshore Technician,Offshore,Passenger Ship,Available,2025-12-14,2026-07-27,2026-06-21,2028-10-22,2026-10-31,2026-10-22,12,2025-10-22
CRW-0321,Miguel Villanueva,Cook,Catering,Cable Layer,Pending Documents,2026-04-04,2026-12-04,2026-11-11,2028-02-20,2026-11-27,2027-04-20,5,2024-08-04
CRW-0322,Ryan Torres,Captain,Deck,Passenger Ship,For Deployment,2026-02-23,2026-10-26,2026-07-09,2026-09-24,2027-08-17,2028-03-13,18,2025-03-02
CRW-0323,Juan Reyes,Housekeeping Staff,Hotel,Passenger Ship,Pending Documents,2026-02-02,2026-09-05,2026-06-01,2028-11-13,2027-04-24,2027-11-29,17,2025-11-01
CRW-0324,John Flores,Ordinary Seaman,Deck,Bulk Carrier,Not Ready,2025-12-07,2026-05-09,2026-07-16,2027-06-11,2027-10-27,2028-01-27,11,2025-07-06
CRW-0325,Rafael Dela Cruz,Chief Engineer,Engine,Bulk Carrier,For Deployment,2025-08-20,2026-03-14,2027-01-02,2028-11-09,2026-10-14,2027-05-20,16,2024-12-30
CRW-0326,Juan Flores,Chief Cook,Catering,Container Vessel,Pending Documents,2026-03-09,2026-08-30,2027-06-04,2026-06-06,2026-11-19,2026-10-08,7,2025-05-05
CRW-0327,Grace Rivera,Third Mate,Deck,General Cargo Vessel,For Deployment,2026-04-21,2027-02-04,2026-07-19,2028-03-14,2026-06-19,2026-07-23,1,2024-06-08
CRW-0328,Carlo Lopez,Third Mate,Deck,Passenger Ship,Pending Documents,2025-09-15,2026-07-11,2026-08-11,2026-12-11,2026-06-08,2027-04-08,8,2025-03-11
CRW-0329,Michelle Rivera,Ordinary Seaman,Deck,Cable Layer,For Deployment,2025-10-13,2026-03-08,2027-02-10,2028-05-20,2026-09-27,2027-03-20,4,2026-01-19
CRW-0330,Ryan Bautista,Third Mate,Deck,Container Vessel,On Vacation,2026-02-01,2026-08-31,2027-05-20,2027-07-08,2027-03-28,2026-11-15,16,2026-04-05
CRW-0331,Camille Villanueva,Safety Officer,Offshore,Container Vessel,Not Ready,2026-05-14,2026-09-14,2027-05-03,2026-08-14,2026-09-20,2028-01-12,7,2024-06-29
CRW-0332,Mark Garcia,Steward,Hotel,Bulk Carrier,On Vacation,2026-01-17,2026-09-10,2026-10-23,2027-02-09,2027-09-17,2026-07-25,8,2026-02-02
CRW-0333,Ana Villanueva,Electrician,Engine,Bulk Carrier,For Deployment,2026-03-17,2026-08-08,2026-06-17,2026-05-24,2026-10-18,2028-04-13,13,2024-07-22
CRW-0334,Michelle Bautista,Third Engineer,Engine,Offshore Support Vessel,Pending Documents,2025-11-06,2026-06-01,2026-08-26,2026-09-08,2027-07-14,2027-07-18,2,2025-02-02
CRW-0335,Angela Torres,Cook,Catering,General Cargo Vessel,Pending Documents,2026-03-09,2027-01-01,2027-05-31,2026-07-14,2026-11-09,2026-09-18,3,2025-03-15
CRW-0336,Jessa Torres,Safety Officer,Offshore,Cable Layer,Not Ready,2025-11-02,2026-06-01,2027-04-03,2026-06-13,2026-10-10,2027-10-11,19,2025-01-01
CRW-0337,Mark Bautista,Third Mate,Deck,Passenger Ship,Onboard,2025-12-06,2026-04-08,2027-05-20,2028-10-20,2027-01-14,2028-04-19,20,2025-06-03
CRW-0338,John Fernandez,Offshore Technician,Offshore,Passenger Ship,Not Ready,2025-10-30,2026-04-06,2027-03-06,2028-11-13,2026-07-24,2026-06-15,11,2024-07-26
CRW-0339,Paolo Cruz,Oiler,Engine,Passenger Ship,Pending Documents,2025-12-02,2026-06-01,2026-11-10,2027-02-23,2026-07-20,2027-11-05,15,2025-09-29
CRW-0340,Mark Dela Cruz,Safety Officer,Offshore,Passenger Ship,Available,2025-09-28,2026-02-17,2027-02-04,2027-08-15,2027-04-18,2026-10-03,14,2024-12-22
CRW-0341,Jose Lopez,Captain,Deck,Passenger Ship,Pending Documents,2026-05-15,2026-10-05,2027-03-30,2028-02-07,2027-04-06,2027-11-06,17,2024-10-17
CRW-0342,Maria Aquino,Wiper,Engine,General Cargo Vessel,Pending Documents,2026-01-21,2026-09-14,2026-11-10,2027-12-09,2027-09-26,2028-06-06,1,2024-07-12
CRW-0343,Carlo Flores,Messman,Catering,Passenger Ship,Onboard,2025-11-22,2026-06-20,2027-04-14,2028-08-11,2027-03-24,2027-12-16,0,2024-11-27
CRW-0344,Paolo Fernandez,Messman,Catering,Bulk Carrier,Onboard,2025-10-18,2026-03-14,2026-10-02,2028-01-30,2026-12-16,2026-12-13,4,2026-01-12
CRW-0345,Maria Garcia,Steward,Hotel,Passenger Ship,Available,2026-04-22,2027-01-29,2027-05-04,2028-01-07,2026-10-03,2027-09-08,13,2025-02-01
CRW-0346,Nicole Reyes,Crane Operator,Offshore,Passenger Ship,Onboard,2025-10-06,2026-07-02,2027-01-27,2027-10-17,2026-11-27,2028-05-12,17,2024-09-30
CRW-0347,Kristine Rivera,Wiper,Engine,Container Vessel,Onboard,2025-12-02,2026-08-08,2026-12-07,2027-07-17,2027-02-08,2027-03-11,19,2025-04-03
CRW-0348,Miguel Morales,Cook,Catering,Passenger Ship,Available,2025-08-26,2026-03-10,2027-05-19,2027-11-26,2027-04-16,2028-06-01,19,2024-04-21
CRW-0349,Michelle Castillo,Crane Operator,Offshore,Container Vessel,Available,2026-03-09,2026-12-20,2026-08-24,2027-10-12,2027-04-25,2028-05-31,11,2026-01-17
CRW-0350,Rhea Morales,Messman,Catering,Passenger Ship,On Vacation,2025-12-20,2026-08-05,2026-05-31,2027-11-01,2026-09-16,2026-06-29,17,2025-04-20
CRW-0351,Ryan Bautista,Chief Engineer,Engine,General Cargo Vessel,Onboard,2025-12-20,2026-10-10,2026-09-30,2026-10-11,2026-08-01,2028-05-11,5,2024-03-03
CRW-0352,Ana Dela Cruz,Chief Cook,Catering,Cable Layer,Onboard,2026-01-21,2026-11-02,2027-03-08,2027-06-17,2027-01-28,2027-11-09,3,2024-03-03
CRW-0353,Kristine Navarro,Messman,Catering,General Cargo Vessel,Onboard,2025-12-06,2026-08-24,2026-06-21,2026-05-28,2027-02-11,2026-12-28,13,2024-08-18
CRW-0354,Ana Perez,Steward,Hotel,General Cargo Vessel,Not Ready,2026-02-04,2026-07-23,2026-10-22,2027-08-17,2026-11-27,2028-05-03,17,2026-02-28
CRW-0355,Carlo Navarro,Second Engineer,Engine,General Cargo Vessel,On Vacation,2025-10-08,2026-04-17,2027-03-05,2027-02-09,2026-10-10,2026-11-15,1,2024-09-24
CRW-0356,Miguel Reyes,Chief Cook,Catering,Offshore Support Vessel,Pending Documents,2025-12-01,2026-08-30,2026-06-20,2028-07-15,2027-04-03,2027-10-19,4,2024-02-27
CRW-0357,Maria Gonzales,Rigger,Offshore,Bulk Carrier,Not Ready,2026-02-10,2026-10-21,2026-06-28,2028-07-28,2026-11-09,2027-08-03,7,2024-11-05
CRW-0358,John Ramos,Safety Officer,Offshore,Bulk Carrier,For Deployment,2025-11-27,2026-06-27,2026-10-22,2026-12-24,2027-09-28,2027-12-30,10,2024-01-23
CRW-0359,Jessa Flores,Captain,Deck,General Cargo Vessel,For Deployment,2026-01-11,2026-05-21,2027-05-09,2028-11-06,2027-04-23,2027-06-29,20,2024-02-20
CRW-0360,Rafael Santos,Third Mate,Deck,Offshore Support Vessel,On Vacation,2025-11-05,2026-07-14,2027-02-09,2027-08-14,2027-10-10,2026-07-18,16,2025-07-16
CRW-0361,Carlo Torres,Third Engineer,Engine,Cable Layer,Onboard,2026-05-12,2027-02-16,2026-06-27,2026-12-16,2027-01-03,2028-05-05,17,2025-03-07
CRW-0362,Angela Cruz,Chief Mate,Deck,Cable Layer,Not Ready,2026-05-03,2026-12-26,2027-05-27,2027-04-19,2026-07-07,2026-09-01,4,2026-03-01
CRW-0363,Mark Perez,Chief Mate,Deck,Offshore Support Vessel,On Vacation,2026-01-03,2026-08-15,2026-12-09,2027-08-19,2027-07-18,2027-08-21,7,2025-06-26
CRW-0364,Grace Santos,Third Mate,Deck,General Cargo Vessel,Onboard,2026-04-13,2027-01-07,2026-06-17,2028-05-01,2026-08-12,2027-06-05,20,2024-12-17
CRW-0365,Michelle Cruz,Second Mate,Deck,General Cargo Vessel,For Deployment,2025-10-03,2026-05-08,2026-12-13,2028-09-02,2026-06-30,2027-10-02,9,2025-12-06
CRW-0366,Kristine Lopez,Crane Operator,Offshore,Container Vessel,Not Ready,2026-03-03,2026-09-15,2027-05-06,2028-11-08,2027-06-16,2026-06-15,9,2024-10-26
CRW-0367,Juan Perez,Crane Operator,Offshore,Bulk Carrier,Onboard,2025-10-26,2026-07-10,2027-03-01,2026-08-10,2027-04-07,2027-01-05,19,2024-04-09
CRW-0368,Nicole Mendoza,Chief Cook,Catering,Passenger Ship,Not Ready,2026-02-10,2026-08-05,2027-04-05,2028-09-15,2027-02-12,2026-12-19,5,2026-01-18
CRW-0369,Grace Dela Cruz,Wiper,Engine,Cable Layer,Onboard,2026-04-08,2026-10-19,2027-05-03,2026-07-22,2027-02-10,2026-09-12,20,2025-10-25
CRW-0370,Miguel Flores,Safety Officer,Offshore,Offshore Support Vessel,For Deployment,2025-12-21,2026-09-25,2026-06-29,2028-11-21,2026-12-14,2027-04-25,3,2025-01-03
CRW-0371,Rafael Perez,Housekeeping Staff,Hotel,Cable Layer,Not Ready,2025-11-10,2026-05-29,2026-12-30,2026-11-03,2026-06-03,2027-04-20,4,2025-09-05
CRW-0372,Angela Bautista,Wiper,Engine,General Cargo Vessel,Not Ready,2026-03-08,2026-12-26,2027-06-04,2027-04-19,2027-10-03,2027-09-20,11,2025-02-13
CRW-0373,Carlo Torres,Cook,Catering,Passenger Ship,On Vacation,2026-04-04,2026-10-12,2026-08-04,2028-11-12,2026-12-17,2027-02-28,20,2024-04-24
CRW-0374,Nicole Santos,Ordinary Seaman,Deck,Bulk Carrier,Onboard,2025-10-20,2026-07-18,2026-09-10,2028-11-28,2026-07-06,2027-12-20,18,2025-08-22
CRW-0375,Ana Navarro,Safety Officer,Offshore,General Cargo Vessel,Available,2025-12-18,2026-05-21,2027-01-17,2027-10-10,2026-08-30,2027-07-15,7,2025-05-08
CRW-0376,Michelle Torres,Offshore Technician,Offshore,General Cargo Vessel,Available,2026-03-05,2026-10-25,2026-08-14,2026-11-14,2026-10-26,2027-10-12,16,2025-05-13
CRW-0377,Mark Bautista,Chief Mate,Deck,Passenger Ship,Available,2026-01-16,2026-05-26,2027-05-02,2026-12-12,2027-06-03,2027-07-06,11,2025-01-20
CRW-0378,Maria Garcia,Steward,Hotel,Bulk Carrier,Not Ready,2025-12-26,2026-07-01,2027-03-17,2027-11-23,2026-11-24,2027-06-24,16,2024-07-15
CRW-0379,Mark Gonzales,Housekeeping Staff,Hotel,Cable Layer,Not Ready,2025-11-04,2026-04-30,2027-02-13,2027-07-04,2027-05-26,2027-05-23,8,2025-01-02
CRW-0380,Miguel Dela Cruz,Laundry Staff,Hotel,Bulk Carrier,On Vacation,2026-01-18,2026-06-06,2027-02-12,2028-03-03,2027-03-13,2027-01-06,5,2025-12-13
CRW-0381,Carlo Flores,Second Engineer,Engine,Offshore Support Vessel,On Vacation,2025-11-27,2026-04-25,2027-01-26,2028-04-05,2027-10-02,2027-10-07,13,2025-10-12
CRW-0382,Juan Flores,Crane Operator,Offshore,General Cargo Vessel,Pending Documents,2026-03-11,2026-12-02,2027-03-24,2026-10-26,2026-10-14,2028-03-09,1,2024-12-07
CRW-0383,Paolo Bautista,Able Seaman,Deck,Container Vessel,Onboard,2025-08-24,2026-04-04,2027-03-27,2027-12-13,2026-06-18,2028-06-09,5,2024-04-30
CRW-0384,Michelle Fernandez,Chief Cook,Catering,Container Vessel,Pending Documents,2026-02-17,2026-08-12,2026-12-21,2028-01-20,2026-10-23,2028-01-21,15,2024-01-26
CRW-0385,Luis Torres,Oiler,Engine,General Cargo Vessel,On Vacation,2025-09-25,2026-06-24,2027-03-23,2026-07-24,2027-01-20,2027-06-26,10,2025-04-16
CRW-0386,Nicole Gonzales,Chief Engineer,Engine,Bulk Carrier,Available,2026-02-28,2026-11-30,2026-07-13,2026-11-12,2027-09-29,2028-02-23,13,2024-09-08
CRW-0387,Carlo Cruz,Bosun,Deck,Cable Layer,On Vacation,2026-03-10,2026-12-09,2027-02-25,2028-09-08,2026-05-31,2028-04-28,15,2024-07-20
CRW-0388,Jose Gonzales,Laundry Staff,Hotel,Passenger Ship,For Deployment,2026-01-18,2026-09-18,2026-12-06,2027-05-08,2026-09-07,2027-08-13,13,2025-12-29
CRW-0389,Rafael Rivera,Cook,Catering,Container Vessel,Onboard,2025-10-18,2026-04-21,2026-08-29,2026-05-20,2026-06-06,2028-01-16,17,2024-11-26
CRW-0390,Ryan Villanueva,Able Seaman,Deck,Bulk Carrier,Pending Documents,2025-11-11,2026-04-07,2026-08-12,2027-07-25,2027-02-13,2027-02-26,13,2024-11-13
CRW-0391,Luis Navarro,Laundry Staff,Hotel,Offshore Support Vessel,On Vacation,2025-10-16,2026-07-04,2027-03-06,2027-09-21,2026-11-29,2027-06-18,6,2024-10-20
CRW-0392,Rhea Aquino,Safety Officer,Offshore,Offshore Support Vessel,For Deployment,2026-03-06,2026-12-19,2026-07-24,2028-06-18,2027-01-20,2027-09-04,12,2024-03-05
CRW-0393,Kristine Villanueva,Chief Engineer,Engine,Container Vessel,On Vacation,2026-04-19,2026-09-27,2026-12-10,2028-02-25,2026-06-04,2026-09-05,17,2024-01-23
CRW-0394,Mark Cruz,Fourth Engineer,Engine,Cable Layer,Pending Documents,2026-01-22,2026-08-24,2026-07-04,2028-01-28,2026-07-07,2027-07-02,8,2025-03-31
CRW-0395,Jose Torres,Rigger,Offshore,General Cargo Vessel,On Vacation,2025-09-04,2026-04-24,2026-05-30,2026-12-07,2027-03-18,2026-12-20,20,2026-04-11
CRW-0396,Jose Aquino,Crane Operator,Offshore,Cable Layer,Available,2026-05-15,2026-10-22,2026-07-08,2027-02-21,2027-07-13,2027-05-31,7,2024-06-29
CRW-0397,Nicole Santos,Housekeeping Staff,Hotel,Cable Layer,Available,2026-03-30,2026-12-15,2026-10-17,2028-05-27,2027-05-21,2027-05-25,2,2024-01-31
CRW-0398,Jessa Navarro,Chief Cook,Catering,Cable Layer,Available,2026-05-13,2026-11-15,2026-08-22,2027-07-05,2026-09-16,2027-12-28,18,2026-03-02
CRW-0399,Nicole Bautista,Rigger,Offshore,Offshore Support Vessel,Onboard,2026-01-07,2026-10-31,2027-01-06,2027-06-05,2027-10-07,2027-02-08,17,2024-03-31
CRW-0400,Rhea Santos,Cook,Catering,General Cargo Vessel,Pending Documents,2026-03-17,2026-09-19,2026-06-28,2027-06-10,2027-01-10,2028-04-27,15,2024-05-27
CRW-0401,Ana Gonzales,Electrician,Engine,Offshore Support Vessel,Pending Documents,2026-05-11,2027-03-06,2026-10-06,2027-01-24,2027-03-20,2026-09-07,17,2025-04-02
CRW-0402,Camille Villanueva,Chief Cook,Catering,Cable Layer,Available,2026-01-24,2026-10-17,2026-10-09,2026-11-18,2026-12-10,2027-10-27,11,2024-04-21
CRW-0403,Luis Ramos,Second Engineer,Engine,General Cargo Vessel,Available,2026-02-01,2026-08-03,2027-04-06,2027-05-14,2026-11-05,2026-09-21,7,2026-01-13
CRW-0404,Michelle Santos,Ordinary Seaman,Deck,General Cargo Vessel,Pending Documents,2026-04-24,2026-12-23,2026-12-01,2028-02-09,2027-04-17,2027-10-21,17,2024-10-04
CRW-0405,Luis Navarro,Cook,Catering,Container Vessel,On Vacation,2026-03-11,2026-07-22,2027-02-18,2028-08-10,2027-08-06,2027-10-06,7,2024-11-08
CRW-0406,Paolo Dela Cruz,Able Seaman,Deck,Offshore Support Vessel,Pending Documents,2025-08-23,2026-04-17,2026-11-02,2028-04-19,2026-06-07,2026-06-16,3,2024-06-24
CRW-0407,Maria Aquino,Fourth Engineer,Engine,Cable Layer,Onboard,2026-01-03,2026-06-19,2027-03-01,2027-02-08,2027-01-27,2027-03-06,19,2025-01-18
CRW-0408,Camille Morales,Rigger,Offshore,Offshore Support Vessel,Available,2025-10-13,2026-08-08,2027-06-14,2027-05-31,2027-06-07,2027-07-19,6,2025-08-02
CRW-0409,Rhea Flores,Steward,Hotel,Cable Layer,Available,2025-12-28,2026-06-26,2027-03-05,2027-07-31,2027-06-24,2026-12-21,3,2025-12-17
CRW-0410,Angela Fernandez,Fourth Engineer,Engine,Bulk Carrier,Available,2025-08-24,2026-05-07,2027-05-28,2027-04-03,2027-10-10,2027-04-07,4,2025-09-01
CRW-0411,Paolo Reyes,Offshore Technician,Offshore,Passenger Ship,Onboard,2026-01-05,2026-09-03,2027-04-12,2026-08-21,2027-09-02,2027-05-12,6,2025-08-22
CRW-0412,Luis Aquino,Cook,Catering,Cable Layer,On Vacation,2025-10-17,2026-03-17,2026-11-20,2028-10-19,2026-12-19,2028-01-15,0,2024-10-03
CRW-0413,Maria Gonzales,Crane Operator,Offshore,Offshore Support Vessel,For Deployment,2025-09-29,2026-02-16,2026-12-06,2028-02-02,2027-03-19,2027-09-21,15,2024-08-07
CRW-0414,Maria Morales,Electrician,Engine,Container Vessel,Not Ready,2025-10-20,2026-03-07,2026-07-04,2026-10-27,2027-05-16,2027-01-23,20,2025-06-28
CRW-0415,Luis Rivera,Messman,Catering,Offshore Support Vessel,Not Ready,2025-10-25,2026-05-02,2027-01-07,2028-07-22,2027-06-05,2028-01-26,20,2024-11-28
CRW-0416,Juan Mendoza,Housekeeping Staff,Hotel,Container Vessel,Available,2026-01-07,2026-11-02,2027-06-12,2026-08-04,2026-12-31,2026-11-21,7,2025-04-04
CRW-0417,Grace Reyes,Captain,Deck,Bulk Carrier,Pending Documents,2025-10-24,2026-07-05,2026-07-06,2026-08-29,2027-02-22,2028-02-26,0,2025-12-07
CRW-0418,John Flores,Ordinary Seaman,Deck,Passenger Ship,For Deployment,2025-10-01,2026-07-08,2026-07-28,2026-09-26,2026-11-20,2026-07-03,9,2026-04-10
CRW-0419,Grace Bautista,Cook,Catering,Passenger Ship,Pending Documents,2025-09-30,2026-03-03,2027-05-17,2027-11-18,2026-11-27,2028-01-30,17,2024-09-11
CRW-0420,Rhea Morales,Laundry Staff,Hotel,General Cargo Vessel,Not Ready,2025-12-08,2026-07-04,2027-01-26,2027-11-18,2027-01-17,2026-09-03,16,2025-02-17
CRW-0421,Miguel Castillo,Cook,Catering,Passenger Ship,For Deployment,2026-05-15,2027-01-23,2026-08-02,2027-05-02,2027-03-19,2027-09-27,0,2024-11-14
CRW-0422,Rafael Santos,Ordinary Seaman,Deck,Passenger Ship,Pending Documents,2025-12-17,2026-09-15,2026-09-20,2028-08-07,2026-06-06,2027-12-17,13,2025-04-28
CRW-0423,Kristine Flores,Fourth Engineer,Engine,Cable Layer,Pending Documents,2025-10-28,2026-06-01,2026-09-14,2027-02-08,2026-08-19,2027-08-10,5,2024-08-13
CRW-0424,Luis Castillo,Oiler,Engine,Cable Layer,Not Ready,2025-12-29,2026-08-11,2026-08-29,2028-10-04,2026-08-08,2026-12-07,20,2025-12-27
CRW-0425,Michelle Dela Cruz,Chief Cook,Catering,General Cargo Vessel,Pending Documents,2025-09-06,2026-02-21,2026-11-05,2026-06-03,2026-11-01,2026-07-24,8,2024-11-14
CRW-0426,Luis Mendoza,Chief Mate,Deck,Bulk Carrier,For Deployment,2026-05-11,2026-11-06,2026-07-10,2026-10-16,2026-06-14,2027-10-22,14,2025-10-05
CRW-0427,Ana Dela Cruz,Cook,Catering,Offshore Support Vessel,Pending Documents,2025-11-27,2026-04-16,2027-06-13,2026-10-11,2026-07-26,2027-03-03,1,2024-03-12
CRW-0428,Paolo Ramos,Steward,Hotel,Cable Layer,Pending Documents,2025-11-01,2026-03-04,2026-07-26,2028-07-09,2027-02-08,2027-07-03,8,2024-03-17
CRW-0429,Ryan Dela Cruz,Steward,Hotel,General Cargo Vessel,Onboard,2025-08-22,2026-06-08,2026-09-08,2027-09-11,2027-07-02,2028-05-01,3,2025-06-30
CRW-0430,Jose Lopez,Chief Cook,Catering,General Cargo Vessel,Not Ready,2026-03-14,2026-09-14,2027-01-26,2028-02-27,2027-03-31,2026-12-24,16,2025-05-11
CRW-0431,Carlo Flores,Bosun,Deck,General Cargo Vessel,Available,2025-10-05,2026-04-26,2026-06-01,2026-11-02,2027-03-08,2028-01-23,20,2026-01-13
CRW-0432,Rhea Fernandez,Steward,Hotel,Bulk Carrier,Onboard,2026-02-25,2026-09-28,2026-07-09,2027-01-24,2026-11-07,2027-10-28,19,2026-02-11
CRW-0433,Jose Aquino,Rigger,Offshore,General Cargo Vessel,Onboard,2026-02-26,2026-12-22,2027-02-23,2028-08-02,2026-09-16,2026-10-10,20,2025-01-01
CRW-0434,Ana Dela Cruz,Third Engineer,Engine,Cable Layer,Not Ready,2026-05-05,2027-02-25,2026-12-04,2027-05-16,2026-10-14,2027-02-15,6,2026-04-05
CRW-0435,Rafael Lopez,Laundry Staff,Hotel,Passenger Ship,On Vacation,2026-02-07,2026-10-30,2026-08-28,2027-11-22,2027-05-21,2027-05-01,15,2024-04-26
CRW-0436,Paolo Cruz,Housekeeping Staff,Hotel,Cable Layer,On Vacation,2026-02-25,2026-10-18,2026-10-23,2028-08-31,2027-02-23,2027-12-10,16,2025-05-05
CRW-0437,Kristine Torres,Steward,Hotel,General Cargo Vessel,On Vacation,2025-11-10,2026-08-15,2026-09-24,2027-04-08,2026-08-02,2028-04-08,0,2024-11-10
CRW-0438,Camille Lopez,Steward,Hotel,Cable Layer,Not Ready,2025-12-22,2026-07-12,2026-12-20,2028-03-01,2027-04-24,2026-09-25,4,2026-02-06
CRW-0439,Paolo Reyes,Offshore Technician,Offshore,Bulk Carrier,Available,2026-03-22,2026-11-21,2026-08-31,2026-08-24,2026-07-01,2028-01-09,6,2024-07-27
CRW-0440,Michelle Perez,Laundry Staff,Hotel,Passenger Ship,On Vacation,2026-04-20,2026-11-19,2026-09-15,2028-01-25,2026-08-10,2026-06-17,8,2025-10-14
CRW-0441,Jose Aquino,Steward,Hotel,Passenger Ship,Not Ready,2025-10-15,2026-05-17,2027-05-22,2026-07-13,2027-02-26,2027-11-27,17,2026-04-04
CRW-0442,Ryan Gonzales,Bosun,Deck,Offshore Support Vessel,Onboard,2026-03-25,2026-09-20,2027-02-21,2027-06-13,2026-12-10,2026-12-18,3,2024-11-23
CRW-0443,Grace Lopez,Oiler,Engine,General Cargo Vessel,Available,2026-03-22,2026-12-30,2027-03-16,2027-05-16,2027-09-11,2028-05-23,13,2024-07-03
CRW-0444,Grace Navarro,Steward,Hotel,Container Vessel,Available,2025-11-24,2026-09-08,2026-08-13,2027-11-12,2027-08-26,2027-05-30,16,2025-06-27
CRW-0445,Angela Villanueva,Rigger,Offshore,Offshore Support Vessel,Pending Documents,2026-01-12,2026-10-03,2027-02-28,2026-12-20,2027-06-18,2027-12-19,19,2024-04-13
CRW-0446,Kristine Santos,Cook,Catering,Passenger Ship,Pending Documents,2025-12-21,2026-09-19,2026-06-02,2027-10-27,2026-10-15,2027-04-09,1,2026-05-09
CRW-0447,Juan Bautista,Chief Cook,Catering,Container Vessel,For Deployment,2025-08-27,2026-05-16,2027-03-13,2027-12-21,2026-11-04,2026-09-08,17,2026-04-07
CRW-0448,Luis Aquino,Housekeeping Staff,Hotel,Container Vessel,Available,2026-01-08,2026-07-06,2026-10-03,2028-08-22,2027-04-02,2026-09-06,18,2024-10-08
CRW-0449,Mark Villanueva,Laundry Staff,Hotel,Container Vessel,Not Ready,2026-02-16,2026-10-18,2027-05-13,2028-05-03,2026-09-04,2028-02-03,15,2024-07-27
CRW-0450,Kristine Cruz,Chief Cook,Catering,General Cargo Vessel,On Vacation,2025-11-25,2026-06-22,2027-01-02,2027-07-15,2026-09-30,2027-01-22,1,2024-04-10
CRW-0451,Kristine Reyes,Offshore Technician,Offshore,General Cargo Vessel,Not Ready,2025-08-20,2025-12-28,2026-11-04,2027-11-18,2026-10-30,2027-05-04,9,2024-12-17
CRW-0452,Kristine Dela Cruz,Second Engineer,Engine,Bulk Carrier,Not Ready,2025-08-30,2026-01-20,2026-09-15,2027-07-31,2027-03-22,2027-07-12,19,2025-12-15
CRW-0453,Rhea Reyes,Third Engineer,Engine,Bulk Carrier,Pending Documents,2025-10-23,2026-04-28,2026-07-07,2027-06-27,2027-10-25,2027-08-22,17,2024-03-14
CRW-0454,Grace Ramos,Electrician,Engine,Container Vessel,Pending Documents,2025-10-25,2026-08-07,2027-03-13,2026-12-01,2027-02-06,2027-02-07,15,2026-03-03
CRW-0455,Rhea Cruz,Cook,Catering,Offshore Support Vessel,Not Ready,2025-10-16,2026-06-01,2026-11-28,2027-05-06,2026-12-11,2027-04-28,3,2025-05-28
CRW-0456,Ana Rivera,Offshore Technician,Offshore,Offshore Support Vessel,Available,2026-03-02,2026-10-20,2026-06-16,2028-08-29,2027-01-24,2026-12-25,14,2024-06-13
CRW-0457,Carlo Reyes,Chief Cook,Catering,General Cargo Vessel,Onboard,2026-03-01,2026-09-10,2026-06-01,2027-05-01,2026-09-20,2027-04-12,7,2025-02-09
CRW-0458,Grace Ramos,Steward,Hotel,Offshore Support Vessel,Available,2025-08-21,2026-02-23,2027-03-01,2027-09-21,2026-10-21,2028-05-15,6,2024-05-30
CRW-0459,Nicole Reyes,Third Mate,Deck,Cable Layer,Not Ready,2026-02-17,2026-07-02,2026-10-17,2026-12-06,2027-03-03,2026-07-28,8,2025-01-24
CRW-0460,Luis Aquino,Captain,Deck,Passenger Ship,Not Ready,2026-05-06,2026-11-16,2027-04-22,2027-06-14,2027-01-21,2027-06-28,3,2024-12-11
CRW-0461,Grace Cruz,Second Mate,Deck,Passenger Ship,On Vacation,2026-02-03,2026-10-09,2027-01-14,2027-12-10,2026-06-21,2026-07-14,5,2025-09-04
CRW-0462,Kristine Torres,Rigger,Offshore,Offshore Support Vessel,Pending Documents,2025-11-19,2026-09-10,2026-11-21,2027-05-13,2027-04-04,2027-01-31,0,2024-12-18
CRW-0463,Kristine Santos,Chief Cook,Catering,General Cargo Vessel,For Deployment,2025-12-23,2026-06-18,2026-08-10,2027-04-29,2027-07-06,2028-04-06,17,2025-12-26
CRW-0464,Michelle Flores,Ordinary Seaman,Deck,Passenger Ship,On Vacation,2026-01-12,2026-10-05,2026-08-11,2027-07-25,2027-04-14,2028-02-13,13,2025-06-12
CRW-0465,Miguel Perez,Laundry Staff,Hotel,Container Vessel,Available,2026-02-01,2026-07-06,2026-10-30,2028-04-19,2026-10-15,2027-08-18,17,2024-03-18
CRW-0466,Maria Cruz,Wiper,Engine,Cable Layer,Available,2026-03-16,2026-08-30,2026-11-03,2028-09-20,2026-10-26,2026-07-04,17,2024-03-23
CRW-0467,Jessa Bautista,Cook,Catering,Passenger Ship,For Deployment,2026-02-08,2026-07-05,2026-07-31,2026-11-20,2026-06-25,2028-02-20,4,2024-08-22
CRW-0468,John Rivera,Messman,Catering,Cable Layer,On Vacation,2026-01-17,2026-11-08,2026-06-07,2027-05-17,2026-08-19,2028-05-08,7,2024-03-08
CRW-0469,Camille Aquino,Steward,Hotel,Cable Layer,On Vacation,2025-10-29,2026-07-01,2027-01-22,2026-10-02,2026-11-13,2026-12-18,5,2025-09-26
CRW-0470,Angela Flores,Third Mate,Deck,Bulk Carrier,For Deployment,2026-01-31,2026-06-16,2026-08-23,2027-08-07,2027-10-13,2028-05-08,6,2025-06-17
CRW-0471,Jose Rivera,Steward,Hotel,Passenger Ship,Pending Documents,2025-12-06,2026-07-14,2027-04-03,2028-06-13,2026-07-08,2027-11-19,12,2026-01-24
CRW-0472,Nicole Lopez,Housekeeping Staff,Hotel,Bulk Carrier,Available,2026-04-25,2027-01-12,2026-12-09,2027-10-25,2026-07-19,2026-12-15,12,2025-07-21
CRW-0473,Jessa Torres,Housekeeping Staff,Hotel,Offshore Support Vessel,For Deployment,2025-12-16,2026-09-18,2026-06-21,2028-04-20,2026-10-22,2027-09-21,13,2024-01-17
CRW-0474,Carlo Torres,Steward,Hotel,General Cargo Vessel,On Vacation,2026-03-07,2026-10-13,2026-12-22,2027-04-11,2027-09-03,2026-06-29,18,2025-11-13
CRW-0475,Jessa Cruz,Laundry Staff,Hotel,General Cargo Vessel,Available,2025-12-01,2026-09-24,2027-04-22,2028-11-28,2026-11-13,2028-06-08,8,2024-04-25
CRW-0476,Jessa Aquino,Captain,Deck,Bulk Carrier,Not Ready,2025-08-20,2026-03-26,2027-06-01,2028-08-02,2026-11-09,2027-06-26,2,2024-10-29
CRW-0477,Rhea Mendoza,Steward,Hotel,Container Vessel,For Deployment,2026-03-02,2026-08-14,2027-05-24,2026-07-06,2027-08-02,2027-04-15,5,2025-07-03
CRW-0478,Carlo Mendoza,Housekeeping Staff,Hotel,General Cargo Vessel,Available,2026-05-14,2027-02-17,2026-10-01,2026-05-27,2027-09-11,2027-10-26,6,2024-12-21
CRW-0479,John Ramos,Offshore Technician,Offshore,Cable Layer,Pending Documents,2025-09-14,2026-05-08,2026-12-20,2027-08-10,2026-08-19,2028-02-09,18,2024-09-08
CRW-0480,Michelle Lopez,Chief Mate,Deck,Cable Layer,For Deployment,2026-04-20,2026-10-04,2026-08-08,2026-07-10,2027-05-22,2026-07-11,6,2025-12-18
CRW-0481,Rafael Villanueva,Ordinary Seaman,Deck,Cable Layer,On Vacation,2026-04-20,2026-09-14,2026-12-24,2026-11-13,2026-11-11,2028-04-22,2,2025-07-28
CRW-0482,Rhea Aquino,Crane Operator,Offshore,Passenger Ship,Not Ready,2026-03-29,2026-10-11,2026-11-06,2027-05-27,2027-06-22,2026-08-12,1,2024-03-30
CRW-0483,Camille Mendoza,Laundry Staff,Hotel,Bulk Carrier,For Deployment,2025-12-26,2026-07-18,2027-02-18,2027-07-12,2026-12-30,2028-05-16,3,2025-10-13
CRW-0484,Nicole Cruz,Offshore Technician,Offshore,Bulk Carrier,On Vacation,2025-12-19,2026-08-05,2027-04-01,2028-09-29,2027-04-19,2027-02-24,15,2024-11-23
CRW-0485,Rhea Fernandez,Rigger,Offshore,Container Vessel,On Vacation,2025-09-03,2026-05-07,2026-08-25,2028-11-04,2027-01-23,2028-05-29,16,2025-07-22
CRW-0486,Jessa Garcia,Chief Engineer,Engine,Bulk Carrier,Onboard,2025-10-15,2026-05-28,2026-06-17,2027-04-21,2027-05-23,2027-12-29,6,2024-02-10
CRW-0487,Rafael Bautista,Chief Engineer,Engine,General Cargo Vessel,Available,2025-12-09,2026-06-23,2027-02-08,2027-11-29,2027-04-26,2026-06-10,2,2026-01-19
CRW-0488,Rhea Rivera,Cook,Catering,Passenger Ship,Not Ready,2026-02-15,2026-08-03,2026-11-10,2028-09-14,2027-05-11,2028-04-22,0,2025-01-10
CRW-0489,Camille Mendoza,Steward,Hotel,General Cargo Vessel,Available,2025-09-22,2026-06-06,2026-11-12,2027-08-31,2027-07-27,2026-07-31,20,2024-01-11
CRW-0490,Maria Lopez,Rigger,Offshore,Cable Layer,Not Ready,2026-05-06,2026-10-26,2027-03-16,2028-04-15,2027-05-04,2027-06-01,17,2026-03-09
CRW-0491,Kristine Lopez,Third Engineer,Engine,Bulk Carrier,For Deployment,2025-10-28,2026-04-13,2027-03-25,2026-09-11,2027-04-10,2028-05-26,5,2025-06-27
CRW-0492,Camille Flores,Second Mate,Deck,Passenger Ship,Onboard,2025-09-26,2026-04-11,2026-09-12,2027-11-03,2027-04-04,2026-11-30,11,2026-01-21
CRW-0493,Jessa Gonzales,Chief Cook,Catering,Container Vessel,Onboard,2025-09-10,2026-05-16,2026-08-11,2026-11-25,2027-05-13,2027-10-12,0,2024-04-25
CRW-0494,Carlo Gonzales,Rigger,Offshore,Offshore Support Vessel,Available,2026-01-30,2026-06-08,2027-01-15,2027-06-15,2026-09-25,2026-06-08,4,2025-07-01
CRW-0495,Maria Dela Cruz,Ordinary Seaman,Deck,Cable Layer,Onboard,2026-03-24,2026-12-02,2027-04-27,2028-06-16,2027-04-14,2026-06-27,1,2024-10-01
CRW-0496,Ryan Ramos,Messman,Catering,Container Vessel,For Deployment,2025-12-25,2026-09-07,2026-11-04,2028-07-14,2027-08-24,2028-04-21,9,2026-01-15
CRW-0497,Carlo Santos,Chief Cook,Catering,Container Vessel,For Deployment,2025-08-25,2026-01-18,2026-09-07,2027-11-21,2027-05-23,2027-12-18,19,2025-06-23
CRW-0498,Rhea Flores,Chief Cook,Catering,General Cargo Vessel,For Deployment,2026-04-09,2026-10-25,2027-04-03,2028-11-13,2027-05-11,2027-12-09,5,2025-02-15
CRW-0499,Jose Garcia,Chief Mate,Deck,Bulk Carrier,Pending Documents,2026-04-18,2026-09-07,2026-12-29,2027-06-20,2026-11-29,2028-05-25,12,2024-09-12
CRW-0500,Rafael Villanueva,Safety Officer,Offshore,Cable Layer,For Deployment,2026-04-05,2026-11-30,2027-03-11,2026-09-26,2026-09-02,2028-05-19,6,2025-01-21
